cookie_id,score
ck_315fb710a0e371e7,0.0012130193559634459
ck_a76ee3b3e3e522fd,0.14734177630655987
ck_94c9a4d382689e82,0.029506416831832298
ck_8eaf9509ad9462a0,0.0021470708770791875
ck_9a88a5a989cb5bc6,0.021533154193169105
ck_15239ef0689c1a35,0.02344570773084212
ck_8de69cd219d3b87f,0.2624490511027037
ck_f92cd37022b0ce21,0.020878489712614016
ck_1a3ff7620580a514,0.014828165751161642
ck_397c03aa33a57310,0.2637705994348958
ck_a7cf6c3b322f6b7a,0.0071120659436566605
ck_c39a9e75760e3201,0.007983222347676384
ck_88ab6d245228c38e,0.0013886709654828062
ck_17733f75ebdea93e,0.006715743312623094
ck_58eb871e8d7bed52,0.028595941814979334
ck_e55b7fa67db1ec27,0.005950695062458804
ck_62f5cfe22c952694,0.07279085346773477
ck_7fbb709a0fe95759,0.0054427230604468975
ck_87abe9cd066a20fb,0.06423147447828753
ck_d58e058b5c553dd5,0.009436334699439643
ck_d27b872648b71202,0.00297408818622178
ck_4b4a3c5b95c55b43,0.0013195064975108973
ck_66dd4f4b4127256d,0.004274505001811649
ck_93cc12703b500613,0.055436263973435276
ck_d28806a2179092eb,0.992766115677617
ck_0595c2a0c7881e05,0.011341077134026475
ck_50087d8666191144,0.1692205232665741
ck_b08b3f089138c901,0.008094592152228634
ck_fe3b67041dad2dd1,0.0022321877310237607
ck_8449a28f7d475d93,0.03574795911449982
ck_8642e3b6d84f49d3,0.014543232055111112
ck_e49b5e4f2f2e79db,0.5471452819618945
ck_437afe412ea4259c,0.0907589505265898
ck_569b83668d74042d,0.06397712291086688
ck_233a487d31c3e631,0.993940270244726
ck_1fca72e03143a645,0.8778737913500186
ck_79205e31223df2ad,0.008039128763705428
ck_9625a64406ea16e3,0.007115381803977133
ck_079bd18dacb704a8,0.11972902577196082
ck_4db6d4fd2b49aa81,0.026930369839181435
ck_0dbefdac0a1868fb,0.005863741337318661
ck_24ff97ad90bdd69a,0.06936665739652248
ck_77f8c5042065d506,0.00838773145327507
ck_f11be8ce05382cec,0.02931468603349821
ck_c9d72140b0389216,0.07821829293815181
ck_69eda24e931fb36a,0.003168660272749571
ck_ed471e496916ee15,0.030423023758725184
ck_ff090498c4b17ac3,0.006228697397115045
ck_c3c19d6a0720915c,0.0028699842773709594
ck_af02e1817cfa40b5,0.05755841152601914
ck_2df5a9fc87553eb1,0.01285492679820471
ck_4ac918e884cff336,0.025989421323920937
ck_ca149244b54ef3ad,0.0033785670045967976
ck_6babe5b8674ff51f,0.020027679426580076
ck_1573878386886290,0.007899036072501978
ck_3925f8565abb7fe4,0.004624382049127534
ck_c4de808ae69c771f,0.001121490685641173
ck_a777c813551281fe,0.012258175239257377
ck_df4424f6dd85080d,0.07347788241771058
ck_85e5494ec20383ae,0.026635209610375417
ck_f71a4094e889c3af,0.006587329075372758
ck_f2f3cf9cd23b2809,0.038720165177789444
ck_18e2076397bcc211,0.08476419915778997
ck_c9f9fddef39bc664,0.039550419593893445
ck_7e826e233d6ea028,0.006413421493611672
ck_62fd7eb46bee9210,0.014203527154452767
ck_206f8e3cd72768f3,0.032912403512951646
ck_aa295a11b0a6ab36,0.009018146557478138
ck_9a56739d81f84a53,0.0034323152568846976
ck_aa075c418ed9fe5a,0.02435887928850114
ck_62b9fb3db284941b,0.010097235301148543
ck_f4f83b1403ebea46,0.026578550730934694
ck_16b66bd803288bc3,0.21514825835134066
ck_c4ca1434f3778f1d,0.9747307624362496
ck_1b823610371a29c0,0.008871156793426363
ck_c2bd5a722aa637d9,0.007189382111351924
ck_7890208951df34f0,0.01665357926819598
ck_020eb0e454524ecd,0.003181786749670114
ck_3b66196ccf436c35,0.02937124684218924
ck_109fc467ec0a4af5,0.09740448923394196
ck_f3dcd818db92de7b,0.02680457332360872
ck_31e7742f160980ef,0.024217128787552215
ck_77fce5f86f00b8f4,0.2466351676807454
ck_46bc797b4d07d607,0.0019737250517245144
ck_37899b1b571b1c6b,0.0074694344455175105
ck_ef8a6af43fedd464,0.003850862419035997
ck_bcc8519fe8521038,0.3696370369830786
ck_90696b7182dd9129,0.014854868556924358
ck_4a24ad61d017e1ba,0.043119404366578
ck_0acc3d8c67218b9d,0.006072211689914611
ck_05c97fc9de11aba6,0.0635811481013408
ck_f8ac3a0500c0ec62,0.010926832044063486
ck_617b65141f546a1c,0.004220833630611247
ck_9d00823bf60388d7,0.032830043382771686
ck_123c15d93f1840f2,0.12024380143267392
ck_573feefba6bf78bb,0.06101417857473437
ck_b25657bd16739036,0.005647819170126759
ck_bd26d2bef14a8597,0.007551454448319247
ck_a553418f2fba1440,0.02001476981482832
ck_89f3e380b0686963,0.011119523530017267
ck_b359192aa659bdce,0.005301938502401651
ck_02241f3dc301bebf,0.012522923733525895
ck_5ccc1a1c78cb33ee,0.04388567551357682
ck_349cc5edda1b8853,0.10791548560027316
ck_e9f228845bf6e28b,0.04484280065965371
ck_0a45d033d4e280ea,0.028445186038622554
ck_7e63168dda612235,0.005355762537899408
ck_676fa5f6aae5475b,0.005597737751102935
ck_74b502b20690ccfe,0.008285300101674048
ck_073509af21dd7f5f,0.591923034548423
ck_498a0acd450944d8,0.0033106067204854398
ck_7f15b50b29dead01,0.17178265772785933
ck_8089fe7403c5f537,0.009600134640461805
ck_05b2b04e11d9ae9c,0.016240556965645928
ck_31e70f2f04b48b88,0.0023675550549286197
ck_994316fa5a02b319,0.0037357272537877897
ck_b76510998b9a2260,0.011333989812258295
ck_4db95c310e105d30,0.0036246673893018406
ck_6f730b77dc6cdb84,0.008440673370915582
ck_2493ee8e7b91d304,0.05179972052453915
ck_92d679d6ac7dcdcb,0.04268224816972943
ck_3a0e0200cbb185cb,0.02667661824377694
ck_0b2eeb4e00ff7955,0.03340234413444629
ck_9843d0e61c37ebe8,0.9940502949123409
ck_e61c8721e3ef1921,0.00587478369688424
ck_2e0eedaaf2980c2c,0.004285086263947826
ck_9036b2e5e9298a34,0.005042614193394312
ck_3265442528d51728,0.007709420457920367
ck_f2ddae2eb1cb29b4,0.020894490811143175
ck_6cfa71d27fc27f92,0.011285464661748503
ck_f3199fbe84a28b9a,0.060031375455085925
ck_b78d785ca3ef773a,0.005921053283358664
ck_374865697f1480eb,0.032235442825869653
ck_06d0e4a9189302a9,0.03402287206503446
ck_9c9884b9bcaa552e,0.1263116703530534
ck_fd4cf578e87703ff,0.016871734921009594
ck_1917ef3e6e345549,0.0793150341040838
ck_e70418b00cbbbac9,0.03409378793253792
ck_a60388296a47062c,0.031222009050745424
ck_d598fe8d2c779ab9,0.011059868732546557
ck_646dc03de4c31803,0.7946634202677282
ck_e4fd8cbd842b6993,0.007049964856415169
ck_2225b555aa2a42ed,0.03717814655184648
ck_6be8ae9d78148882,0.005271632157754067
ck_4199342d3aca74e8,0.04047815421464593
ck_779581adb573261f,0.01015890144931664
ck_bb303568b6915205,0.08044502109406283
ck_17c4296276448afe,0.007007426464611119
ck_a60a61ac829252a0,0.00872096737926082
ck_6ea70950c1cae00b,0.9183543326727805
ck_1abb93f6924645e1,0.034235723316653574
ck_faab769cce19879a,0.04304349521023404
ck_d5b8e74e7ca6355a,0.041265777359678846
ck_f11f7691af16ad07,0.0035178005477654773
ck_188fdf2be7c92e9d,0.9958365658421049
ck_4a103f8254b366f7,0.014785795675268712
ck_bfa17a0b1760e616,0.0021401018027793627
ck_a4d7f6a5869d440a,0.9553703950397228
ck_58e20f5a3e7f11b8,0.6117517385206974
ck_4becdd3d2696c7ba,0.007065089212164954
ck_dad5cf32ab9f243f,0.007119938051104685
ck_7d9f73dc7c4f90c3,0.0855779519975021
ck_c19371047a2d011d,0.0032347122706392157
ck_247589ff532f7aa8,0.007487894032070258
ck_7a9f241d5f082567,0.0033221541348288845
ck_0a2b7078736b4dda,0.0061748960287587576
ck_687b412e2aac7eb6,0.02527683435003863
ck_fce0b6855886a0b8,0.013808466953061049
ck_e291cc60920456d0,0.08130705594516233
ck_04219a7ea798db51,0.06258790883171275
ck_286bfd719836e9f3,0.1003997941643285
ck_55efc92394fee232,0.012859863531046125
ck_e36c8da1bd359960,0.05450333078987496
ck_34b0988a97d96902,0.010910844324750344
ck_e0fb11fc9dcb34e6,0.01282457190603094
ck_bcc9cbc9ed8b7c31,0.017184327665895713
ck_3df8da6f60a89a5b,0.035343757639905236
ck_b1495ee5c59a6b28,0.01451634997126646
ck_58f4c3ac61fda129,0.05611058693687727
ck_735f244b99e3aa8d,0.025055045772607806
ck_6b93bd8abf87b1d6,0.6111836535281192
ck_12107dacc6d05bd1,0.0017654765064654544
ck_f96db2a1f3448d1f,0.007149216435186392
ck_8fd91a3c99e19097,0.017069433989739646
ck_910205d25388a0ae,0.0014637780757272623
ck_d229dfa0e4442628,0.0016524736325116015
ck_7cdec61e1c488798,0.06364040991613343
ck_f66f06e24ff32671,0.018245106407238948
ck_350bf14e90b503f5,0.006976347733362698
ck_61fff5fdaadd394b,0.012155151433485886
ck_e934f984bad2ff91,0.6117417408035126
ck_ff6a6d3547dd2d37,0.01889274439780509
ck_65ad9b15979e3247,0.011303025815958004
ck_bbe1a2ea5a403ad8,0.5149831239142322
ck_6f3a28eecd2c4031,0.012547934008391444
ck_a89b66665714058f,0.008576799563254004
ck_918c92182b6817cd,0.027084130368148388
ck_64f5eb4be9e7b8fa,0.055281306687099505
ck_d021fd497ea35fb2,0.028910427189894953
ck_004de16f7d8a42ae,0.00901065732598886
ck_a33d2325f86ab12d,0.008322283875652502
ck_89790ff26c844bc6,0.015294397463353548
ck_e6e7257377c37b28,0.08087285678467199
ck_a2cc3910a641a808,0.6826759192568439
ck_646e270e0195bf05,0.010651008827048844
ck_baba5d66def0d770,0.1490926114019398
ck_67cdcdda3033842d,0.029581557806423946
ck_b5c3075c811a2216,0.02464010041315471
ck_515379973a8044b8,0.010929709065124554
ck_c0ce85fb4109567d,0.023159002930419684
ck_fef850553862aaca,0.004627006843501887
ck_55d7217b0aff9fa2,0.009567782903787125
ck_8e139f8925ef7968,0.008057033846293759
ck_9e35b908fca1e4d7,0.0023797912236095797
ck_59735f4ab2ad3da5,0.023048778890853355
ck_dc569c1167ccec0d,0.25365036097543603
ck_1dade5592f90a15c,0.021072599743530512
ck_793048d11fb8b328,0.1398448218288636
ck_545b71eb4fa594b5,0.004834413873876363
ck_bd30853e9a57b544,0.015777347263613715
ck_59f46321ecf6d306,0.015124815263485969
ck_260cfe9141d249f1,0.3409363428923987
ck_3365a0ad1a8aa83c,0.007270362233124054
ck_b0ef193195a2138b,0.004340822549324169
ck_0f909705e2e60f2f,0.003739027722383242
ck_5a540b75c866166a,0.023620140922687945
ck_87c26b2f41025109,0.9582421642095078
ck_27acc9f320cda104,0.1799246116369215
ck_a27bc31eecd9cb9a,0.02646780266215902
ck_115d86fabde77b65,0.003050335185677212
ck_eeca179341d56f8a,0.5244162896060793
ck_8e5999c436cf037e,0.002042663101781482
ck_510e7c5df1f95d90,0.991167674502544
ck_f1acf73363925958,0.019761654287092
ck_3c177f5970b68bd3,0.012903846327213612
ck_9cdfaa1c30cc9d32,0.002300724545185631
ck_c8efa1538b37c359,0.01608439778054576
ck_a8a2e296f9804bd7,0.012013539881060385
ck_91a0ca45f429568d,0.017258159848380486
ck_5fdf8a0bdbd3ed62,0.01275704743886738
ck_0f4e2ec66d50da5f,0.007122885728313867
ck_28c53b214b2ee882,0.26183654731751815
ck_003148504557f720,0.1281400919340963
ck_01d840cffb870615,0.15839899316430778
ck_555848d51f4b5f35,0.0189129627255268
ck_df20cc23b8fb8e22,0.01441223840897041
ck_f9604adde929beff,0.006023171296690427
ck_d66952b03591bdec,0.007272313556996223
ck_ddcac1ab765ff61a,0.027815793133425644
ck_347386629d96c664,0.01462227974663047
ck_ab01db9117acfe3d,0.006745556405490218
ck_58e5359efc52e0ad,0.004083217099711248
ck_1a524b5cc8da71b3,0.03153106483230002
ck_e9287b6d909d731f,0.011635411029366372
ck_bb41a66e3d90263b,0.2689443396744295
ck_e95c8cc1864bd584,0.024238784500632583
ck_7a3f2961e9a8b6dc,0.021598312600833346
ck_378a9df82b1e0bee,0.23945738998617522
ck_42633573639a3f02,0.9556337800824503
ck_2a5a4c18c2c7274b,0.009718382132890176
ck_77549c1a41f837c3,0.016418335559431493
ck_a26704b5b26258b7,0.027375069040370327
ck_9874ad160efddf50,0.004540187303550176
ck_9111e3a04b14dfba,0.045869074276082944
ck_651e076ee43aea85,0.02057528597714508
ck_391639c0f13932f3,0.003234173665066382
ck_02dbabda93c8c13d,0.019320109935844307
ck_0adcb1fffcb0a34b,0.029710068510608076
ck_7a43ef9c7b1c67b5,0.02555220422333444
ck_4b9dd69946438d0b,0.011564702816624115
ck_90bf017cdd37b66e,0.04091180344696019
ck_61c74163eb36556e,0.019189348399188
ck_13376c59b5bd6943,0.0028711086261614337
ck_62337eccb1672737,0.009863299224965852
ck_16077934338472bf,0.002730235947657602
ck_0d4dfd93086e7330,0.014381777598791922
ck_3865b7525b910893,0.02216825713459171
ck_7e2ae8b69ebd5675,0.006535229868740907
ck_b4384b6c11766ce7,0.005534534696241536
ck_3d7fa32dfb9fc692,0.0632996716004534
ck_f4a6a7cadd6e0603,0.05191970214460233
ck_212525e2828a6c45,0.01847741116670193
ck_33ad8d53394ba77a,0.32321770640304137
ck_a5051eafe8b51224,0.017661309967346897
ck_f65e5ff7da565f91,0.014320272652122563
ck_5c37f7563fa7591d,0.024428906587289703
ck_f1e0a006068aff29,0.011625939144667636
ck_c646cdead6fb79d0,0.013346321515198304
ck_f8b3cdffef535330,0.27376530265506555
ck_e5cdbe3aa12c97f6,0.009667137190524484
ck_986e4e61440506d0,0.15152217088958533
ck_6da9c5912e15d9a8,0.011734236634255588
ck_51d842e6dae74c71,0.00587017585595543
ck_5fc65c24e0736d5d,0.7897917134847618
ck_babb95a76c69509d,0.029798909002415306
ck_86a2d852a9715432,0.023001405682442286
ck_db4083a0d043def8,0.3295993379181672
ck_96953b8945b7d403,0.011053065663948015
ck_7831ca5c31fb3859,0.1353445334296517
ck_60ac5e5f375daa38,0.003616880194874492
ck_05d44eb1f5f085ce,0.016697674343487012
ck_432cc19c7eeaa46e,0.02296363188359305
ck_7fc513033af061af,0.2880774954909535
ck_ada6ede84c111719,0.03258976351835706
ck_6343e0d3b1c2962b,0.023389627412210356
ck_010264ae04f2e902,0.06811448932846162
ck_e9dcf535f8c289eb,0.11583609202726164
ck_37143d9cc296e6fa,0.02586896304502253
ck_61fa051192f3e810,0.016340237621253625
ck_f9f93d1d41be1468,0.5686716181071767
ck_c4f4f28457be8a74,0.0013417494776846945
ck_323a71f9452d21cb,0.6476899597754158
ck_170f4688e0acd875,0.14069722981094931
ck_869b1878d09d230d,0.19221473613522302
ck_2f6b33bf46976229,0.0366323412026646
ck_b11e22e75d9b99de,0.0027208646080715856
ck_123d75ffb75b606d,0.008523597189201329
ck_94295287a04c85d2,0.11847801726229937
ck_1b0434f096795328,0.005791632394599685
ck_0a4e191cd0a57ce1,0.00376052641264623
ck_d2fbd0df99634676,0.024731508592344558
ck_d51df5e9fbbbcc94,0.039741793353831704
ck_2d3d7d64a6f443f8,0.00974998686889346
ck_731943c682c9394e,0.019303390054411104
ck_5ccc0c94e5e1f849,0.0069548719688805735
ck_c3476080516db25d,0.015879101741392697
ck_5010ffb1c94187b5,0.0018973105887949355
ck_7ef666d67bc70223,0.015933762531491553
ck_c1b493527224a27a,0.001472480159786195
ck_5d1e25d7acc5af9a,0.007500641503790047
ck_ec30b61cbf517db8,0.004874153083810425
ck_79323eb5d2e5efae,0.009543411527152929
ck_4085cd3bf2661518,0.012095664315183746
ck_2ca91214c357c072,0.09635055993186009
ck_7f3132d6be389657,0.07088739668494334
ck_e7a6b925c8f39a85,0.18552368443756453
ck_c886adec7bac250a,0.017957844046538607
ck_c3f360c2d0ea0a37,0.011557939758575306
ck_a7acd5b015823793,0.010644771729786546
ck_9d64187c0800f84e,0.023224431065540542
ck_5d4ed73b9efd7d11,0.007852604666538223
ck_874eca6776b34dec,0.005127480771753728
ck_96a9221a87be93c3,0.055670980204700536
ck_68dd79a51eabf5e6,0.0328860982869237
ck_8311cb6755b2016c,0.013292402939405009
ck_16fc77b2bcf5ec03,0.8927619498155424
ck_ad9e2088a33c8c72,0.0008732913769493376
ck_7176bbc97b1e42a1,0.003148726713417991
ck_80dfa54b30f65fff,0.6159349915379175
ck_31c54d540b128843,0.00792067430314523
ck_43ea894480567274,0.061675050138780795
ck_9c9e8a38bd5a6c88,0.037601449817266874
ck_1c2dcae19539e148,0.029746564674436274
ck_b0fa8b84e94d8ae0,0.019545511872028742
ck_4ceb43ccd0a81c2f,0.005517644219488567
ck_ba845332b730b596,0.004176123709392816
ck_73d3e8c6077f61e6,0.138882215942452
ck_b5d0d223ef56473f,0.021301159551089435
ck_949f08f8e80e93ea,0.0024720616586602316
ck_73de0b49709e5f8c,0.0045800498688157365
ck_b5935e9722a39819,0.018778472247904382
ck_96247fee0eb44420,0.006512934213738752
ck_a6def1e4b2d57e0d,0.06848821844680805
ck_aecdc5a96321a2d8,0.02361277920035649
ck_bc61c59970f8de49,0.026671412456174937
ck_c43b4175fc9ac5bd,0.7180458070898281
ck_8ff7a9b23a55fd62,0.010164774658189362
ck_20c99b645f462449,0.006325559225004637
ck_a5ce2ae36fb410d9,0.0039569448341977885
ck_96fb9bf556842bbc,0.04450797882725356
ck_b5e4c6dbbed1b773,0.022132359459843272
ck_2085433978e72ea9,0.04512328913246818
ck_2c6b174b063ec637,0.007383123987712823
ck_b20b81b88dabe28d,0.00827075970883927
ck_243c18dbf150831c,0.0014320881292471384
ck_2bb6a17e8eee35cc,0.028807656260788957
ck_66147fb994495396,0.15391262065814953
ck_73f124f075ede0fc,0.009768723995405671
ck_2e315f1b1e533dab,0.005601992295084002
ck_16c7bf94ed3e7a6f,0.0008845385178441698
ck_4a0eae220a762ac5,0.028468831573942463
ck_dc16f939c2f44ad8,0.07213393782415282
ck_817926b449754917,0.011291606772922607
ck_0c0dde42ab64ef87,0.014436915927408171
ck_cb3a40594da6a2ee,0.040107459338301135
ck_d0dc156441fcfdcb,0.015172875498528996
ck_66f0945add423e9e,0.006810352394581429
ck_a74f6a3030f5d495,0.025204786480836426
ck_1ae460f331e49ae2,0.022596771760639983
ck_2d177b2f4f0b40c9,0.3917797741727639
ck_92e474e4368c4791,0.013545070451606786
ck_3dee83fa2d109484,0.001776313244176392
ck_80e5ea27848069fe,0.007371709257751997
ck_ed0c4a83701ca230,0.036273826681141715
ck_0b8b7c5c581fd161,0.001974468034004339
ck_60bf8a2870956fb1,0.009846910594274717
ck_73a54b56a2bf35fe,0.693553660063419
ck_2296d7a563424883,0.011649938460784118
ck_bc19c383560c7477,0.051987737997193195
ck_861d8e3d88f1079e,0.04487509754294924
ck_3f090fc96c24eb28,0.008386729102662652
ck_9a6a1f8102febfca,0.03328646989469884
ck_541b6ad5d2fa5a39,0.015508126322408448
ck_a760d38d1bc4de97,0.003591721466851935
ck_7dca4d7ee10b4eeb,0.003827174026768447
ck_15220e78d1545e40,0.01174485832271337
ck_ca24bb0de508efb0,0.008877755273469214
ck_56b389627d8f02c5,0.9916064955469028
ck_48a6754977a44db0,0.0049898975788384495
ck_333a43ec339a04cb,0.046659226549004666
ck_f22aacaf86a65d7e,0.08888671788996053
ck_04bd8a1ffaf3ffd8,0.004428849076155573
ck_2737a72de6b700f3,0.10285271124320934
ck_c35e03b0dd0c3454,0.0157532364302583
ck_e0571312f395cd94,0.016463620498996967
ck_09fab6b9825001b2,0.0032651176312469177
ck_18c3a095606209e8,0.020453956656369874
ck_2a97db9377d01e36,0.005685435992154376
ck_f29dbbfdd2786bd1,0.007511914808429294
ck_35d6c510ad29362e,0.2062746108909107
ck_5468fa99c945d785,0.01562020286932123
ck_6f8102f62c876cc9,0.033005113561447426
ck_91955aab3424ad16,0.00788190341997664
ck_9a43c0c73a39d759,0.04124655538272536
ck_60b023af6d1e30bf,0.6494647281297095
ck_9704c5cf8659cedc,0.016201485951439054
ck_7e5f02b51b9f78bf,0.06341972931471418
ck_7d3a88d1aa649708,0.7506791183628168
ck_8250eddc1ecb07a0,0.029681800393022144
ck_d979ef95ee44023d,0.027394551243809483
ck_5e5461dac83531ac,0.043506484464015976
ck_d1bb8890081e0a31,0.007016432266444302
ck_32246c62640648d9,0.001912980750766259
ck_77a40c7d2f862a32,0.04447575094181243
ck_1c8b94efe9238f5b,0.0015923009666706537
ck_eaf3b6d11bc3cb11,0.0025188940751776747
ck_a4a7ef3ad799c380,0.027220406194808425
ck_d5bd8f68da073cd8,0.19591238922677665
ck_6e6258227fc8db7f,0.002108778583055893
ck_c35d444e05799db6,0.015665070344263905
ck_74665e1209140ae8,0.0528535505915122
ck_353a272478f7e903,0.02433401400450208
ck_a2c9796ea229a4e2,0.0036327697915648897
ck_e0171f91cb3411fe,0.018664216187614182
ck_703499f5410280f7,0.002961895168056132
ck_ae3a763997f8f385,0.06416513822694694
ck_f7ff94c3df5ac874,0.020377910627884004
ck_f3c16d8f747db046,0.0146300709204941
ck_7ef019ed77276496,0.004380520755169889
ck_d6a4faadab58a3de,0.009722159813706489
ck_ba7b78d31d74c794,0.022872607301493927
ck_36287d063350ce9d,0.010392023433275761
ck_5177fc7137ff26ce,0.0029838277533186606
ck_dfd4e79aaa967b63,0.006920185470825091
ck_fb44d15fb93a7157,0.04403567182047917
ck_fca478361870a4ca,0.016014869908341757
ck_e57b94fe57341058,0.01786465702179123
ck_5448c946cc4758fe,0.010872800236431491
ck_c5ece5ffb8800ad4,0.015273902919442951
ck_11cb98211b2ed134,0.8698880162694566
ck_f655399ac75c4450,0.01893383171193055
ck_c817259019588d30,0.024813517384708147
ck_8740a14d8096c6e1,0.016932682000770596
ck_0c5ba86f4e05b38d,0.017404325357624147
ck_ccc917533d4b73d4,0.013086499621962497
ck_9eb80edfa43203de,0.006919075459871817
ck_d1a1cf4cf61d6801,0.028688565026484522
ck_b17c239f160e6017,0.02242680701881861
ck_410c3e13b48e0415,0.00459072381436744
ck_ab553954435e8854,0.7217570219530128
ck_bdbb4230c91e1604,0.04291621233787758
ck_8fd4937eadd64fb6,0.007181225335063258
ck_e0e90b196bef3c11,0.003973355308860557
ck_3dc4d464386f0eb2,0.18862112973880582
ck_51bbbf8f8e8ad005,0.9946610405162898
ck_c05737ab74cf03c6,0.07605377148795914
ck_dceabbe04d99afc2,0.0027975379338734917
ck_5b86fd14e85bc9c7,0.5514376095693618
ck_d4febf0083800424,0.018122425266940318
ck_77d9f86dcf251739,0.007567773154224152
ck_b4dcebc543deaafb,0.019351666100301597
ck_cb856e75c949b0cc,0.0009514093987136253
ck_61b067de8ffc1ca1,0.043155485069729826
ck_c0e8560ccfd9dd9d,0.005633789744164843
ck_173e1198c341087b,0.005777563007561464
ck_b4d55bc809000276,0.016029755206686074
ck_839bf139296b5cea,0.007040985370521816
ck_78cd402a2a4f2e35,0.005427183520891074
ck_c2925c50ebacbdba,0.008193396876199436
ck_5e3bc76eddbdb0a6,0.00588262583253219
ck_b7793edca26fc512,0.014059927647052894
ck_d79bdf04d6f31cd5,0.0040850759675860795
ck_4b97d19ed946f503,0.027187639998064898
ck_37139b41c5370523,0.04716243592788552
ck_8c346eeefa9ce692,0.009842436469626027
ck_2ab7eddee2d8c49e,0.00785275723763958
ck_29da59ea3bffb9d8,0.1259616963432478
ck_c1d05ef0ec6e4be7,0.007575489404770082
ck_3882423b449f6291,0.8698523095966688
ck_5647030283171ed5,0.7676714973336772
ck_efbdcd9c181e72ca,0.010908845227581586
ck_192fdad892782daf,0.06412661853507132
ck_0bf2e13b9f2601ac,0.02637799068350105
ck_3d6046a533057795,0.011431062427134693
ck_279a1d3a3836e5cc,0.05714169157892404
ck_c375e929becde422,0.007778539536364131
ck_a59e90219939a1f0,0.008691208314996628
ck_4e9fba1ec54c3ff8,0.010000346980337856
ck_bcbd8588a13f5eef,0.0034855356984562404
ck_5f9a7ff990341bdd,0.0024978602648177543
ck_e0403d507519b7d2,0.005856029991094998
ck_c9490cb61aff5112,0.021697661002645908
ck_41dd44308e6a665a,0.1240701743260146
ck_76c23726cd7ca947,0.012431471885851253
ck_9be551300209fa83,0.008740735178099184
ck_a98848eec6c9581e,0.026148615268605804
ck_61176dafb33b2d8a,0.9236013328484538
ck_92de019e05971ce3,0.03573986124604658
ck_5d644224135d7c65,0.007433838852450403
ck_c767fc454fa215d0,0.006109826454843184
ck_5df85a8924e11f27,0.029312096039102353
ck_da2729307af06ed5,0.021001233281501417
ck_7c6b577174af7a78,0.012083971113083144
ck_893b8afbe11301e1,0.008296133365842893
ck_e06f6fed020ae014,0.013892257132849183
ck_386680372fb54857,0.006109427336830995
ck_7a7f3c4fe0c9d2ca,0.0074222804614081025
ck_f908b527c4db422d,0.0550694639119694
ck_ec2eee6a133e9a6f,0.09060071770280426
ck_d98934f9fe0b02b3,0.006131300603069186
ck_398a1ed77b0130e5,0.0066203906293683615
ck_d960af7a55b892b1,0.01194007917031057
ck_4637e54a9f79e2e7,0.005945284929044438
ck_02b9f418524f6650,0.030197405921677425
ck_d4b23804cebb045d,0.012314866048249237
ck_35b1939c48182a9a,0.00738914814234435
ck_2dcbb71e39d64305,0.029050515768637132
ck_47a884dec960ff2d,0.03304506945747401
ck_71fd8c346fde5cca,0.04353334709110501
ck_98e1992ac8e7d2de,0.036570960741642886
ck_ae7780327e210522,0.025253475605185326
ck_e6c584b4b1ad6d9d,0.006837632220787481
ck_344b2e326a6c3dcc,0.0036199380143480805
ck_9aa899a5230b0963,0.03663165144912611
ck_e48d14d5b70ef5aa,0.011563582401233034
ck_59d380a0973b3951,0.018572275339666055
ck_11318f7c041a5ba9,0.015237281003751603
ck_7061786fe2f22f5a,0.016461876099051115
ck_e77529651c416cf7,0.012416402373024254
ck_7f79878197340435,0.006995445042161039
ck_b0a0fb0ee9ebf106,0.005205408022999718
ck_70c7679199776a90,0.019606749669442126
ck_b9facd2210daca5c,0.025482218246117204
ck_9949f53c155b8dde,0.00784844324245831
ck_1c607e24f2c4397a,0.058306400431900454
ck_aefd1ce3ce093cbd,0.0034909350749774363
ck_5a29b7018e43280c,0.007946774449874862
ck_69eb0b2ccfbe5f95,0.023244204713337144
ck_fe037765aa465c58,0.004507146118497155
ck_5e512ef5362a3dd6,0.008059360759556093
ck_544a9e80b7fdc279,0.003380160255937478
ck_7825494e654d5695,0.023167535853956103
ck_f1f2c3c623553f0d,0.0016985203565724693
ck_52730906e5b461eb,0.8622782456824212
ck_01e0689157fe9617,0.028825831542480192
ck_9da82e567074da9d,0.019491034632617452
ck_6a17384072f904c0,0.010393643870648103
ck_8d84d771a21942a7,0.004640900492120258
ck_39638880292782a7,0.013608693003318843
ck_7d51c86e0eec72ac,0.01563632503877682
ck_45f4c821c70d134f,0.5834141010691383
ck_0af3c13ba56ce57c,0.0023784996317043894
ck_0789a05e061b2784,0.2480330829038145
ck_6ba091eb42ffa9fb,0.08772691451622254
ck_265accb3c5c32620,0.04682835479254635
ck_179039559ff7566c,0.015655524320996646
ck_17c0a6a92b5765cf,0.003895424046203535
ck_59371c9140239fd7,0.0119497067772342
ck_f9c4f8b4ce2691f0,0.01631012724364507
ck_a2637e4872cf4811,0.180052447579295
ck_1de43fd6c6c22a5f,0.08022055959714827
ck_6e4f31bd108571f0,0.002768015592231392
ck_da06d97db0b18851,0.003097962903641229
ck_e0346d5081e640e8,0.05575563141277072
ck_c1c7d4e62c9fcded,0.09293544201198914
ck_2595669e421299f6,0.01825588259005808
ck_3b6057d51fd4c7d6,0.025976850660546176
ck_c5f8ab515840a0fe,0.01820564711999946
ck_435cb24538c6f77c,0.06171981466661998
ck_d84b5403da4cea7b,0.024322788062068584
ck_c2b61a98d1c8f6dd,0.7184378842584185
ck_c9dcd92b2f836b61,0.0864957360606945
ck_9eb5b3f5f672c2b1,0.002499127288962989
ck_e4cf189a8d31649a,0.008062168719092884
ck_6b114f2a48152b96,0.002852684735708638
ck_3fb95862b70f505c,0.021150485033723257
ck_7f780f465c29398e,0.0076651960048394665
ck_ee387f9da79e67ea,0.043052301189259665
ck_fa3b1e85d27af2ee,0.045690587956309446
ck_e739eaaa7a1822f2,0.030735759427618328
ck_dfa0ac11fcb1dabd,0.005466071619051126
ck_6e8751b571ea54d1,0.020350620509474615
ck_2d695f8358383092,0.023497518141712886
ck_e7dce27edb700f27,0.019768781334619734
ck_e322da8b213eab52,0.003919612643572908
ck_d0b32e039abb8200,0.0025406426701164
ck_b354003302b272ca,0.006641221887432802
ck_f7485cba392bc294,0.41349807203919875
ck_d6a290ff8362c7b9,0.1011536171484976
ck_c56a44fe315c0389,0.00924954326790459
ck_f77dfe6512eae322,0.014488962317177195
ck_35fe969c58b9e70b,0.06951915227484737
ck_4c518637db2322d5,0.07711331363021985
ck_cb61902798ecc4fd,0.04269079009936148
ck_56e6cfa32156a916,0.01316240344352939
ck_343e6ed2b9d35c01,0.007865484750412478
ck_51440f64f7250ad7,0.04793988639283388
ck_295bca29c34cfe2e,0.05125084731223489
ck_dd30558576b45e7b,0.018513191598387522
ck_3a30132a57181fe3,0.03200330704129542
ck_4a733aeb833406f4,0.007015606845087245
ck_1b0b7c3d35ab1259,0.05193228406269043
ck_962c3bbf27cd4b80,0.05974443443532594
ck_9528e1d6b1707870,0.03970387057531208
ck_b3263e7f31aab45f,0.051115520973578174
ck_e69195a3c885053d,0.0028878752159991225
ck_a907fa8795cd4baf,0.0033773492799535404
ck_205c3405045bd835,0.008510000823758735
ck_e81fc223bed3c46a,0.059185365892340136
ck_363751deae40edfb,0.155318843577681
ck_6176baea8cbebbb6,0.006735442224999435
ck_633e6579f5c74a5c,0.7005917572943903
ck_ddc11fc481eef58d,0.028058127860861017
ck_e975002c979e12c7,0.04307751462013893
ck_8e039b23acaaac00,0.06885562925210795
ck_1d6990d94a4d2ad6,0.023804274587440076
ck_e7b583acaa3171a2,0.04199011523588027
ck_c0133f60d39b2fb5,0.0190754854886843
ck_7d6bff85e7a694bc,0.004722067283537957
ck_d305b4d82f63f647,0.004840635301193963
ck_22bd0fc71f95e048,0.034963827262404865
ck_9a65fcfc7916f93f,0.0017274280065090065
ck_d61c837b0106085a,0.04343427404813548
ck_be86a1db08dea456,0.0182462100135973
ck_90489c405e6886d8,0.003225363221921693
ck_0add2c321d579d75,0.08690002216786573
ck_482dea6eed92cbbc,0.02942831362106787
ck_c24b47184534cc2c,0.9888307570816406
ck_fa04ac31e596e7d6,0.021859952059543934
ck_084322dc5a3a86f0,0.011100583152800207
ck_ccb72a33cc1877b7,0.02439063088708917
ck_afaf374009d3b248,0.014440407185142043
ck_b53084ffede19a8e,0.002079690293771597
ck_4760216154c8cac2,0.32106195427505063
ck_37ad3a65db673e70,0.008912782113597176
ck_0c2932cc0d553694,0.01837161970724012
ck_86b853c52f20fef5,0.005753590487216364
ck_38703b7546d35a80,0.01538920834908743
ck_218b7e6e6dbd2da0,0.0020874363023595734
ck_402db4184982fdf5,0.02647109347182665
ck_f917c82af80e4a79,0.09277693026965805
ck_3c6417a233c68c73,0.0358756862187838
ck_98068c397d70dd3a,0.04730151111625215
ck_b1cbd6679c0f8d95,0.008968961524488082
ck_9e962f9bb0e7bac2,0.015485605853959531
ck_b08247c3ad567d92,0.5367941553869242
ck_3ef7a03ebb81cfe3,0.0023739949822570838
ck_5d7ae0e3562e99bf,0.048002357183659715
ck_c91a628236baf91b,0.13617616867669247
ck_7f8e816ca51755e3,0.6798017835215883
ck_5aadd286d188f5c3,0.006650656928770709
ck_a037aff5f8128c73,0.006500406047276559
ck_5df6529ce8290906,0.01298434233461155
ck_5f3609511443e5a8,0.007980520343646259
ck_a6f61864fac3c8fb,0.011186414919885083
ck_2733fc6ba23ae46e,0.0398200961753361
ck_22bfb9246646eb41,0.43553974894886693
ck_bfc2a57d8fd1610c,0.3011651874568528
ck_49839e761d0e74e9,0.007242182867562195
ck_aa4ba931dd37481d,0.0028791478592135786
ck_2f9fa0d61829f815,0.009602825982998019
ck_5b82c774df10d49b,0.0021323181719717626
ck_411219470d0a195c,0.014771159029269003
ck_d07485ba10514a2d,0.4410273522984547
ck_219bef979ee21bdf,0.0017816165152693252
ck_eb1006e7285184a6,0.04369454089311775
ck_fd242b18575e3063,0.06875822310110093
ck_95188150ff059c70,0.06573389420657555
ck_a9ca2f447b984a6a,0.02797548921405487
ck_2dd39723c4088b64,0.008045621657604342
ck_aa2b4c662ff213b6,0.021138038779610013
ck_1867b1199c864db5,0.06917680790510547
ck_850ec97a5a0dab9a,0.026244777677408442
ck_562320295fa35875,0.02093179846456225
ck_bab5759b07fe2bea,0.0019715483731392175
ck_b9f1465d803e57b2,0.10159791179074991
ck_8f21f2690c32c691,0.08012628965943105
ck_df87d6f61a63eb21,0.04825775069129538
ck_770475876d0e7e6a,0.015761446630673137
ck_b4c014d5c0cc9eb2,0.01746974739550461
ck_3add4d23124c9290,0.008923809487682902
ck_bce5b7fecfb6264d,0.07911683277101503
ck_604c17cb97dc89be,0.04001714868954005
ck_e52cbcd9aafd26b2,0.008269350923684417
ck_0ac9114076f5bf3d,0.012439908121601374
ck_dcc125b178b79566,0.0017614241640701066
ck_4e333c09f0c37dee,0.031894472693821695
ck_ff7e31ff8ba731e5,0.005307798144313277
ck_8d0532d24f1070d1,0.0020163520487360338
ck_3689fa41748a6f6b,0.10207985221522922
ck_7509eb97c1948b16,0.011237329068550142
ck_a9161cf1ca22a6bf,0.009427556051548887
ck_bed3e3db135b782e,0.04388693598139071
ck_9040edd974ef8e3f,0.5346528157549814
ck_fac32d76ed40f683,0.0176677481527304
ck_3d7b1078e2d57c69,0.006982633869822553
ck_dae09c4e074af5dd,0.0231048520312183
ck_fd84507228467b40,0.04142756632448563
ck_e2a2ce9b8cf44c63,0.013709287126699533
ck_cbe716f351d660d4,0.009574903574935588
ck_cba4162ef29a6d27,0.01548706746763632
ck_4f1e962ff8a29732,0.010228298512680947
ck_39a81899dded61e4,0.009792701882076373
ck_25382331551d22a5,0.061515796044764245
ck_6d64e1c07b19856e,0.04352433817497907
ck_165a868bdef28ad3,0.04319812085523631
ck_88774ae52e30e877,0.01866797332872239
ck_fc7a9d0643570053,0.002267683935604316
ck_c2017120b3b88a46,0.006204733510515647
ck_d115ac6b9fd62a7e,0.014283308861964397
ck_439cf7d51ec7de0f,0.012578291270977648
ck_2468a7e9e68a0927,0.013356259145904735
ck_7c418947124dee8f,0.05670089958202064
ck_fb0cf32c4a56f740,0.033889352374568305
ck_694eb6c43193afd4,0.10281898470824986
ck_993beb188dd4abb6,0.037425864375604564
ck_77fa39d3b733c226,0.09052130586830187
ck_49969a9abc47cb69,0.016285306487661015
ck_d3f44bbe2f7e9b2d,0.011649091428288464
ck_fcf5b8216d0c18ef,0.0023046896315463356
ck_daefe1e2d2bc362d,0.0038835026959332473
ck_9c9287cb28950eb6,0.04850941327015346
ck_c1d1a625b885a975,0.031140499292726175
ck_71b37fe47490b4ba,0.006705641696439642
ck_5d16e257c0635f7e,0.45722305888840603
ck_15918075563eb074,0.0018194136257757578
ck_9a15fdefc47e8d11,0.026614865589301918
ck_6f04d047d1dde75e,0.002167982532815742
ck_1af2c0b3b8d202c1,0.012877120829131228
ck_174be2231c5fd2b6,0.005690353544146771
ck_bb0713a2a1d65982,0.015639564184695046
ck_0daec63bd5b0729d,0.01754765091834777
ck_c0b5cc3e8ad2ff44,0.05249936908176743
ck_35bee1fc12664644,0.161976460620544
ck_a1c7cf63467df4c2,0.0045099261696596405
ck_ecb1e15f0b185ceb,0.06200928950442167
ck_f280d31f54a4710a,0.030838666535110235
ck_30f4b2ee8abe1342,0.042172717740243976
ck_66bed631354de5b7,0.010025215504156736
ck_c2d3ecd7278eba2c,0.007014547071613493
ck_e901dec0e09eccbb,0.003568581860479224
ck_5d038ecb3c8748a3,0.008099669138518516
ck_283c5bea94b21e80,0.004352764134145015
ck_7956c251b85f009e,0.5347256505297081
ck_9f5f81d771146aa1,0.0017535123576349686
ck_9323e6fc1e168eda,0.7985384672635385
ck_10495d3a635b8d69,0.06809828591168916
ck_1982d571cd36eb0c,0.007797616552637282
ck_4f5d7985bcc2eda4,0.003453161124744934
ck_7df526b2b4410bb4,0.027014951602096507
ck_dbb498b1a346a402,0.0016078747340806032
ck_ef059997563e3330,0.005730484503118839
ck_02ec4e06709e6b82,0.007218579873280827
ck_9782c86ba6485f88,0.003998781670226607
ck_d69de468b44143ca,0.007262857199229514
ck_6430a8792f400e0a,0.014679973055824571
ck_8285bd3c90af94f6,0.020981425216937123
ck_985c9ca112000e9a,0.04467361642333677
ck_e679fbf4f4f4aa07,0.017007474782334647
ck_016e8c8eaf9d511b,0.029978389946050232
ck_bc996c523944644b,0.03683708988348795
ck_5b8315726f6204e0,0.019461840950806684
ck_78181f8e998e442f,0.00851267455349195
ck_71c68dfd011dbbbe,0.7347445544281874
ck_db32c95ce2b6f502,0.9154963971273118
ck_755010362a9b1bc4,0.006020367563548422
ck_114141d85256c9ff,0.002448200141563949
ck_9d1a5cf5a3b87e48,0.019684641235357167
ck_ab640420858ab5c4,0.17155577210564382
ck_97a8dac48dd62488,0.25953744744751156
ck_879cc3166fe1bada,0.004255024867692898
ck_b0ed11080076e381,0.011738978092404071
ck_7334a9ec656263b2,0.01082092889777092
ck_6494f0ef13ce44d9,0.014403354247447445
ck_724e459b9ece38f4,0.04258512732786113
ck_7fd8b1470401695f,0.6519708785068712
ck_292f81186358b0fa,0.010031575414888114
ck_fa7de64d37287615,0.03864986131297192
ck_d00e09e66ed6458b,0.16415062464269964
ck_b8d210e741be186e,0.0039384502221622405
ck_3db59982cbae4410,0.024346859399323732
ck_69887d0a9aaca6df,0.0024706136708372234
ck_4feb21e2fb0b3977,0.009926085847836169
ck_08c6cc1e143475e3,0.005493793658671019
ck_fe6e168cdbb46b9a,0.11730458868853824
ck_07f1734be7fac56a,0.019439021888928633
ck_d66d59981307db93,0.04201982527487096
ck_f928dba0d587d7c1,0.003010526289344698
ck_786448fe3004cbd0,0.004561506809131365
ck_29ea329fa40ace62,0.017128544616318474
ck_7ea52b6f27edcb73,0.04785641585183135
ck_18bc51bbf3ef198e,0.03851163695196807
ck_44950df09ff14ded,0.00443129733966439
ck_c1466b52c0a10b93,0.0287660486934008
ck_6cdac067cc4db5c5,0.0416094659394636
ck_53f55c6e8cf2d432,0.0025507472735023596
ck_95945f48453ca532,0.031962502749034075
ck_87cce4126e215153,0.006722663116200166
ck_1ecd5516c92caa4f,0.002145824110911819
ck_819b482bca14c068,0.27876692463113795
ck_a61a879dd46fc9f2,0.010216846521794882
ck_af70aa32c009c3c9,0.022988535456655315
ck_f4fe78e249092ab1,0.022487643951458053
ck_12c46bc52bf45b36,0.020077395022121896
ck_f05f5e4b40afa52f,0.08109824704437611
ck_0f8cb09d3f4fc980,0.03692756872427949
ck_80a64a7f0275a71d,0.010179651378786405
ck_683af7b1540a0b22,0.021644774553610684
ck_51fe0b613c076cbe,0.0058247209724569485
ck_da1a2450219dcf19,0.03635137381333973
ck_2a7eba01ceba6c2c,0.0630988078330964
ck_4e329e29dfa743ea,0.4053910563521502
ck_0274d881d6db82c8,0.005672675065623863
ck_0af5b7d128035b35,0.004529909397513473
ck_ae0a7be6b0a0ea68,0.025978538007883085
ck_de5bb7a4d091386d,0.15830353754860094
ck_2bb7c17168a9d17d,0.026310170915408503
ck_0ffdff7b2f5fdfe4,0.012195951012321885
ck_718a8390b3d42d7d,0.005131639791145582
ck_7c4f12d70f184533,0.001858162349158735
ck_d3e2c26b8adff099,0.015404963218428965
ck_ac9d3d9754104cf0,0.0018501577274863347
ck_3b1766a1d51f8f0e,0.16345139589721694
ck_a9bf75bea912027b,0.024114116751092773
ck_687eab3ffe1f8cfa,0.08046309092962294
ck_25dd0b02af5b2f37,0.04483967842391634
ck_1747fcc466f0ae38,0.0017717079680600303
ck_f6e9d14dfb6f3c28,0.024720052444197817
ck_c6a7bbd0adc4d5f3,0.04244129920789875
ck_46656a23f4456d22,0.6537987615307752
ck_7519260415c2998e,0.01116379777245882
ck_754f30ea19df857c,0.014252710618953321
ck_ba88a244d5f7380f,0.01282784989751275
ck_f268416945316815,0.007218945918691457
ck_21860dd2159dff28,0.00822957676872962
ck_7a86ef4e2beaec38,0.006608101082981236
ck_0414507baeea936a,0.02750472147416224
ck_60796eb60fc3043e,0.010903778912465443
ck_1e0841ed17fe0562,0.008407505474335938
ck_0d641d32658d6e0f,0.005067265967566489
ck_b36086ae6d87eec1,0.011185666571846775
ck_962e65ab33b5c311,0.9283526026572955
ck_b046a42684468e63,0.012921335213823906
ck_ab3426435b0017d6,0.03687798596110951
ck_fcfe06e44d09a344,0.026765707762495355
ck_0f6d916c92189516,0.02344355138440358
ck_d4c8f0d957c3965d,0.038852983904200354
ck_2ca83dbd728af019,0.014123783479642065
ck_2857a4ce9f72fbfa,0.004289182456532232
ck_a60e6edc48e3d0ac,0.33430563270028957
ck_0cbd3b27063d4415,0.07138452613120028
ck_612089ec90c37219,0.022510915402900768
ck_ec4e597f17f473c6,0.013386277611338204
ck_1c93cc58f314bf71,0.02681077926693169
ck_2b359a979520276e,0.01770148694726884
ck_1496568ddc3b2d56,0.01914401933633338
ck_41d91dc9f5063566,0.03349260063448656
ck_4c5ff58afe3d7a67,0.0034861739542599727
ck_81709736281fa3eb,0.001708634334256611
ck_d89abbab3d4957aa,0.00900040874010119
ck_52453401f88935da,0.01826537122522054
ck_a477654d34783e06,0.004610344198056679
ck_72dd0dbdf808cb00,0.025569368927590153
ck_c183dff3781746cb,0.07144141263155933
ck_c8b7f241810b45e5,0.0018369734632896263
ck_f88028c3f306bc70,0.02752562539454613
ck_91d48d69e4f5d9c2,0.005439066443531315
ck_b74b9ba6d7c9aab7,0.06829277561149334
ck_03e904682dc73bba,0.01669803968325089
ck_fc6fed6ea96a004a,0.021397879703815997
ck_51efdd240e34c642,0.04894612310398262
ck_e78ab4ff52b5fd2d,0.010701939977403072
ck_4af7b97c24d89a45,0.03143051865536799
ck_295c0072eca7f7a2,0.008131008046752757
ck_8abd1a50a9227463,0.01858358870693842
ck_ecaa6f13304e3dc5,0.00317235411387632
ck_de436e7b319be1fa,0.9920380109148725
ck_c802cf8f61466027,0.008095624192294077
ck_3d83e0a3c1cfbf8b,0.017515782351657398
ck_28d2003c2d16e4b6,0.0017524912855878135
ck_8ddaf745bbb9cd62,0.0019207639498364498
ck_493b6256091014cd,0.026948783551086423
ck_a2245822cfea997d,0.010985978441828043
ck_f7305b3c64cf8a03,0.04490524957197519
ck_9937dad93a0ed3c1,0.006591650461188546
ck_d654449f9231ad76,0.006729240017263377
ck_850e2b59bc535490,0.03735809762131746
ck_e55e5bdfc0242aef,0.03732155550935283
ck_d35c51e981b98c5c,0.011291259890133739
ck_27cdf9c5e6f0915b,0.016303408346389964
ck_d328db1e1052d820,0.014042504470406024
ck_0ea30eff5f361cba,0.00510636111421015
ck_9994323f97109f4b,0.9672922087632736
ck_09054e97bdf9624e,0.001379183029762498
ck_723b4afc388113c8,0.00638003388723673
ck_588f6e6a6a6d93e8,0.021957760618250957
ck_e1d563fab4d6116a,0.024259879776707627
ck_53aca610e20598bc,0.012751288463115172
ck_c8131ddc7ed33448,0.009741740166790646
ck_899f88464305824a,0.021187713525300286
ck_1c17c65804f8889e,0.009311805219287282
ck_45a16ce12893cf9b,0.015662001399943483
ck_f9d481aa4f9b2808,0.7439091118547103
ck_1d5d74169cf892ef,0.03071724068770374
ck_aba32acb61c1aaca,0.04610556707846293
ck_ec4dd3675a8d28cc,0.013404218070089223
ck_5dcd443fe0bbdeac,0.003894791068000066
ck_3a47e3f54475e854,0.00595477886288738
ck_a9aa5c344c315532,0.02137404065915848
ck_9652283c9f61fcec,0.002554793831205944
ck_752dd3d2487f78ea,0.01711601329836459
ck_a821980ac4db9943,0.23781767974470822
ck_93e0d6befb67f7a1,0.03787981064251855
ck_e7a3881c3e36bd51,0.07542319619268868
ck_12631b78f8a03df2,0.004662566191092915
ck_57b8226610b48854,0.008000430720748485
ck_352657008983fd4b,0.010439494167135278
ck_0841a5c24fd3dd28,0.029678303273153274
ck_db9b9d5d30f74070,0.10155947074867608
ck_a9dded7f6294e44f,0.06108244213908516
ck_91a16336ce3217dc,0.01613379759160888
ck_371bd9388b287677,0.002154730914740456
ck_f285e5e1912a7c62,0.0056717243421902
ck_368b65fca69fc415,0.04123657044191195
ck_d27a73596b6500c2,0.018715583811203078
ck_2d963f9b2c4d11e1,0.07005589246357201
ck_7c500e219af39486,0.006252581443790454
ck_7d025dea5951cba7,0.010968581456005431
ck_32f632706608859e,0.007971217916326552
ck_53816231f3ffb48d,0.005810479642727945
ck_9dbe184e81c1ca8d,0.04920972150807659
ck_d74123617f22a21e,0.00671508410585062
ck_275386782b1606f8,0.002288838794717075
ck_0b0e79d33e50cba5,0.002501443812957325
ck_ba93cb604f792915,0.02732965692315093
ck_a86cd653472eccbc,0.009262576925918128
ck_87771861e0447210,0.08636734988215254
ck_212380e0371d8a6d,0.03549765219027569
ck_ef0d702d7b0ed745,0.0034879933945050857
ck_2b8f33e22f939372,0.7395383416582861
ck_480347ad92037105,0.015603077149018266
ck_20124c3a16c53ce4,0.014210169988226832
ck_c9e1e3229baae708,0.024310810340861883
ck_b1befe967f7a5ebf,0.03196241526083752
ck_4672167d7c989bbf,0.03239551395050229
ck_f0c44ee5e3a42e3d,0.049963811640787614
ck_c416357d20238a4e,0.011189998591309973
ck_d0f470f8078c91df,0.016383166220763
ck_3a70b4ee59084715,0.004705557213324531
ck_179ed66cdfc1ce27,0.01408260953964972
ck_387e5a7f163c7837,0.08159449945171285
ck_08fb463e69f647c8,0.9852197199755564
ck_732f725747393ec8,0.0248094744783224
ck_7cc5e0fa3ca5a713,0.015173408695909139
ck_ad4a4daa826ac68b,0.017773009631469897
ck_472e0be7a3b533bb,0.02561455850036254
ck_7190177963eafdd9,0.016654637526385616
ck_647ac26c5900f082,0.009836933389016958
ck_272ae2179bbd8e58,0.008950945144386315
ck_09b0d8af304646bd,0.002261125034318326
ck_ca0cc8ea9f344408,0.009426863325357155
ck_332ad134fb909869,0.012348840717277838
ck_fca2798914627dc8,0.1443216475558079
ck_4450b55f462ae134,0.007813130705303832
ck_d67d9dfb60b286b9,0.0018046993961796536
ck_a9d2bb4f2bde7052,0.004740336771804247
ck_929bcae878a3ecb3,0.44286629541147304
ck_59a9e000fa275e1f,0.016697538244234943
ck_57f17254e2688637,0.02363919815983927
ck_0508908697f60ce3,0.1850646399293026
ck_946afc2943298d26,0.0062067850203991705
ck_7176d12b18f2cc0e,0.028628890702738424
ck_5c47b49c26cce286,0.014837084442936776
ck_b6a2bdb2d335e1d0,0.9855028653688419
ck_1d58f6caaa4d012c,0.007789460003143225
ck_71c917295020ccc7,0.004991163265677423
ck_bc89644ae3688995,0.003917637427094038
ck_e7c212f16d6df272,0.018014380062030474
ck_c6d2e11a368184e6,0.006322154335078474
ck_eed7f1f7548df15b,0.010469105478540778
ck_75b69034000ca7bb,0.04266916629186764
ck_38da3bf629458682,0.006165045533819372
ck_90114c891239d821,0.0013928199727818527
ck_8ee08f6777cc155b,0.012330202624677955
ck_bd86132499defcd0,0.006168502975275826
ck_b95fbf2b5640aa82,0.021128302583017775
ck_c530235393360e3b,0.020912056648477447
ck_be52a7ec43241ba4,0.040680926862661226
ck_d96eb3cc55f2772f,0.006844875726432312
ck_dd34f0a844fb115d,0.2896104990551498
ck_17cc7b411f448e66,0.015588749522826174
ck_856ea65fa27d06dd,0.029398525146856137
ck_056d5f0301c30902,0.07086034190903773
ck_e662b14b2bab23a2,0.12939919985464854
ck_209f574c8d92274e,0.0078089498925975635
ck_62720b81617896cc,0.014963185009395552
ck_041614694b77e599,0.008846686377874861
ck_461e3f7b97db8d16,0.03294669314241715
ck_1b74b798eebeabdc,0.016670470543790214
ck_0ed2739384f1d644,0.010676196131675673
ck_5a4d19f1b83feeb8,0.008392686016426851
ck_463937167965a1f8,0.017599114951395475
ck_9d7151dbdf100e0e,0.01992893331775568
ck_20a7d1ce6cc27312,0.005561097852506199
ck_6031211ff118cf0f,0.011863340276134556
ck_a6fc92aa91e99b77,0.9083410363532424
ck_0aaaa9d2f75a0518,0.01822305918556128
ck_ec26e327cc1848b2,0.0066267930215629794
ck_0e6bebf8ae9b9b03,0.01636189566615296
ck_e107537a4cb738f4,0.01118590267929919
ck_e8ea56e122a5a487,0.0267863027619895
ck_98149ed45d38c4d3,0.04097639843318142
ck_0e719b3a6906b8f1,0.0021609691234952427
ck_0c6e7bd357e4a348,0.011910884674692233
ck_d3b2b250da61db19,0.8990548454244562
ck_8bb6b0a292754576,0.09145515143831148
ck_87d70f5fe48a6128,0.04687967531559624
ck_ea9edf9c107d429f,0.013244670049524425
ck_059806c52cebe4f1,0.1803858219330365
ck_a72d6df666e1c21c,0.00829229870603602
ck_1d2b80ab6c4944b9,0.006681463551900863
ck_60557f077abc42ca,0.20447192805767395
ck_e5f5cb7dd6ce4a37,0.01986557261904865
ck_4c4a939154446053,0.0024157837656657343
ck_50ede3eb561a202c,0.012910213054854992
ck_6d03a542922b2ae8,0.010246053759699385
ck_d6fe761ed0db3270,0.032583534868023484
ck_7f0cd6ea3096f985,0.011348942641279777
ck_23edb6d938a3b87b,0.005456064219776436
ck_799aaf9f2b9ef621,0.010499497813918363
ck_f8f6a03613b6dda8,0.010205325855383196
ck_7cffb189f4f514ec,0.9798107414603945
ck_c081e1967dcd811f,0.023858449740771354
ck_583d6ca78c97d91e,0.4305284899048363
ck_9332bbc7125219a7,0.008705756504573729
ck_956b5af6d7d86c65,0.736511841632491
ck_2d634e3f24681c0f,0.025007771635660377
ck_7b35d218ed0c5a60,0.01418527765648351
ck_ca5b1057f8248f73,0.024473633172248443
ck_ec5ea81cf813597c,0.017234972085227743
ck_eaebaf4d28400fb8,0.015229000149959142
ck_ae2ab6be219219aa,0.004066534756128073
ck_d99a8b4c820eb46b,0.012527689760494084
ck_bcfb7ffb7cd428bd,0.02667975987472108
ck_3dd542c2d31be2c0,0.008964270863195963
ck_c7dd84401e29a7fc,0.0036615053917738467
ck_c4bcc7cefd40f8e2,0.001781460587187706
ck_c251898b5d51e3b0,0.007238330170932214
ck_36d37be780c1291c,0.005272334924739955
ck_99b4f266b61ae7ee,0.03568966647500658
ck_c37f03995f0f0169,0.0028154341569373697
ck_65a23ac8e44eb901,0.01367138975262755
ck_644b1c1149eea9e0,0.024328608306949787
ck_9cf44eb0237c2429,0.007905971024898147
ck_20541686a94fb71c,0.030739398089829645
ck_c18245be844680f3,0.01742088217321201
ck_56de216eda6b7fa6,0.003364190106951829
ck_406c4442dee45cd1,0.0017992981581193559
ck_df1585c7d72a96e0,0.0017025484782097885
ck_b8e8dba20676d87b,0.024246143642640286
ck_0ee6965e68efc177,0.0529227984548592
ck_c2a5c54ad8d0d297,0.018576187328729864
ck_bf6fb7e6470e95cb,0.0015792572014430286
ck_27fa694569140345,0.001597834573566605
ck_e04166b0ce66393a,0.00783822215353152
ck_8742114f4f0cb22c,0.0896086200205305
ck_6eceeafd56b42576,0.29538213963394844
ck_34f9951b0eca1965,0.011088494601527284
ck_384ccecd342a24ad,0.011245535822868913
ck_49c98bebd1338879,0.005166785976541255
ck_6c26c12071c91ff6,0.014480839837885725
ck_01e5986ebb9a78f1,0.02824153891778316
ck_121db7ba3be29ee8,0.03668008296058929
ck_039e6d5a330cea1a,0.11657085819635467
ck_ae8c9163cf957d7e,0.01345063812597324
ck_3f5e8f3f1df0c8c7,0.09479206900751341
ck_b1c51fdafcd80122,0.029505576557974002
ck_12e2b5ebfe8986b2,0.004536367256315011
ck_d55eb81a4d543c59,0.012805161125062683
ck_f85155ca5c312c7b,0.026335697463456004
ck_133d8a1ac7c0e301,0.9866077626837779
ck_04212a9bb9b28696,0.9947149913353397
ck_4cc11c7d3ca61f73,0.00903144028217241
ck_2df4854186ec515b,0.01844554044405903
ck_aa9b28e7fc43af79,0.48233382402354397
ck_47cad6c3def4c9e4,0.003458090142083741
ck_fbff7b5da8111567,0.008158066297758308
ck_bd25ea782e375b22,0.04804175094305582
ck_7989376f8cf64a9d,0.011596120838462367
ck_675c0ca1ebb1051c,0.0032356321677093867
ck_1436f6e11d4008f9,0.018612670008937463
ck_812cb3a4482cc618,0.01675861478977714
ck_6e606f73a1094afd,0.009528183488152916
ck_1b708e2a4a0584dd,0.02961841494623405
ck_a60d6b324bae0330,0.01648409650323289
ck_706a4f673a9fda3b,0.5747159453066764
ck_a75ece9a9044eed0,0.0053503339025800095
ck_9aa45c4e03c8c57a,0.04102561011077488
ck_9fe9bdce982b312c,0.041760069298216226
ck_c6fbdc5ba68a8466,0.019289428085667158
ck_ed0cc1b1c28f9511,0.04978560610397778
ck_a4e2607b4c8021e8,0.002341590152802371
ck_e02f93f51cc8caf3,0.006835748609310677
ck_7084ed3cf20781b7,0.03976642295237774
ck_cd4c63155570d6ea,0.004496737437165148
ck_d1b9e5d32d2d789f,0.008242478835022018
ck_68f56f6560a7a933,0.004022493926670331
ck_8bedacc6233c6269,0.016439973433593675
ck_ab7cb50407d6b13e,0.024583334112083702
ck_f17ed7e0fd687742,0.09497033600427846
ck_b0fe4b92fc70f72c,0.0053697389993056935
ck_84d62b8196da2452,0.016698711413790264
ck_9e298cae167f4693,0.004060285363111607
ck_405b20ef9ad0ba5f,0.11001001996490761
ck_813e02e1ababd177,0.011565660467919322
ck_f234ab47061ba7c0,0.0023494277575791746
ck_22b587c18363899a,0.015456972343188394
ck_4e862c2f48c38aeb,0.005637661994792653
ck_b89cb90a420c9075,0.006433123169884351
ck_be2251640f27a3c9,0.14455125424933873
ck_46bec0bff167ed3f,0.03341838321907956
ck_c0032232c2868328,0.00478264430827928
ck_030cf09525dba4ba,0.05541720348633937
ck_6ecf56236789fc09,0.9380723021145662
ck_38d4ed52cbe6d123,0.02452014901570368
ck_2d923d957ffd4d53,0.01176008230668785
ck_3af1eb88728ed8c7,0.012536239616545913
ck_2f8120ca80a1592c,0.02980151080223985
ck_6cabb1a133f0b151,0.011033850067276259
ck_bb6cf7e7b707731d,0.7591513274545423
ck_c8307fecafa90140,0.02110832680698621
ck_75f968be67f46d24,0.026857402330321956
ck_df6fe4ec5a233213,0.01244954304089198
ck_b53e88c0e927d896,0.001182059357115445
ck_f0093064aa28f4d0,0.021565895452360262
ck_ec9976cabc63ff92,0.00914895709689072
ck_30dac0a58c5590cb,0.20911888549641267
ck_348a525791ae6475,0.041919980006146954
ck_b898d912d1181ef9,0.011141397286313592
ck_f5b1200dc6f95760,0.03038130946362681
ck_54978a073e7a0b1a,0.011592362037075749
ck_55933936536a4071,0.007495005584528815
ck_d6ba7ffd2ae08863,0.01766883440425402
ck_404e2217fd87fdd2,0.003460737883283489
ck_dfaafdaefa5716b6,0.03958884483089271
ck_556c62e92d4e7e5b,0.08388764512538513
ck_7ce44f4e06d58111,0.2780217154110223
ck_465cb8ce232c7670,0.006433140401250772
ck_237508ca4fb37268,0.10661359401047625
ck_ba4a6b9aa63964ef,0.019358310217981914
ck_4802a0a7a1882c88,0.21296304929771978
ck_9478dfe4114c30f6,0.006715658143154775
ck_5138f6c575dec64c,0.027308875102747782
ck_aebb42afe430e2e9,0.00438345400080295
ck_004efa95555437e9,0.007618109148764138
ck_11af112667c98394,0.013681498273397989
ck_44e9a18a8645c9d3,0.0035643699826402135
ck_2605fd571219e28d,0.0018248951633634898
ck_dfc933493561d84f,0.007864167320945211
ck_67674348e68d1f25,0.006615226650813366
ck_dd97429277a2fa00,0.11948429917684744
ck_d3eab7a06eb48348,0.04319396179974842
ck_0b9fcff9667ec05a,0.008819726565668973
ck_fc4bfd6e739bddea,0.0038461783216508605
ck_43292f70a03ddf2b,0.05423065083752025
ck_5ff6108056a3fef5,0.015843432425135036
ck_767e0be086b5f601,0.03098767616058664
ck_b8465b1a5666155b,0.022937041576048985
ck_ab2e3fc56f5b3aae,0.008105531502638519
ck_1833c81d693c1e07,0.8890436603545839
ck_0308e0602b856445,0.0029952907122225148
ck_ccbdfe744acff8bb,0.012428496180907307
ck_b294aa27a0b586d7,0.0195995688183302
ck_a3747201f377626d,0.9534664193343017
ck_edde1d7d1db24725,0.027233960502926723
ck_ae3b47d6e1063704,0.006064414946296653
ck_3aabf5e0f4defb41,0.004685128098050504
ck_f034adb57391f3d7,0.041847962318433074
ck_533672fb40531607,0.14415306475928163
ck_2a244f1ae08ef83c,0.016682707927227463
ck_a35d81bcc54ece2f,0.016974613191518058
ck_78a61215675b38f0,0.03901091046149172
ck_e013d88ea7939616,0.023041501283661864
ck_e5018f9418e0102e,0.033236941494194705
ck_d4e024fcda401a31,0.004598748235544067
ck_f736cffbdb82db34,0.0011949651924602037
ck_1507f5aa50cdf3a0,0.014994263487867632
ck_18270fee7c8fcee8,0.004738261834580083
ck_95ffa1a805a1c9d1,0.007378469635838238
ck_11132d245b94d045,0.006169654414404873
ck_7b93a622e40d8b14,0.0493078653860841
ck_3854c08d17704347,0.08951386067005604
ck_7717fcb100dc4b5f,0.02269868260495719
ck_ba54e0a1c328119b,0.5107070181985408
ck_a7afdac4ecbf2de4,0.5212255369278372
ck_ecfb771ed2352085,0.008262046399381526
ck_68be4fefc85a6b64,0.39914044583466535
ck_dac7c50bd6d0148f,0.036849748400872726
ck_87cf36a03bd63c24,0.0551317736432574
ck_8adb40b168b59d7c,0.048585465585986254
ck_8d2f62930777416b,0.07268543089399096
ck_9958b58da9e3c21c,0.005512775462301523
ck_9440335375701f44,0.024659828493413534
ck_e2f88e202b6f700a,0.026587329820384496
ck_4c7c50684827a2cf,0.006131720536916944
ck_8a6ea4a79b1c7a8e,0.00714567532310324
ck_186dbff4b24a3bbf,0.11151357946878866
ck_220fda3c11c59b6c,0.070516479313987
ck_3acccc69f8b1fd14,0.043906110964914744
ck_9de191bf79afd676,0.009376967784462897
ck_6de6b1663f9457f4,0.003283606060668154
ck_062754f8b79b86e5,0.005004132932280655
ck_aa153a89a52f7eb5,0.01954722387686033
ck_34a6bd3be642f15c,0.030416476599327842
ck_9371c700d9830326,0.033080526449759944
ck_a99e0c258ad7576b,0.007371294860026004
ck_0a7ba51d626e932a,0.02721668766690035
ck_852c50bbba1ead13,0.08839392526535716
ck_43dc13b6b6d31297,0.07251401531736898
ck_7d81b59d615a6649,0.05064986880234452
ck_39a3f1da060e88bf,0.018987906081494768
ck_6fb2d142c09ed3ed,0.02564148735265477
ck_6e5752b87324b58c,0.008626189098736876
ck_9441d48a12e8a4bf,0.19418011097454735
ck_09e9c51eb538b255,0.045157667387937334
ck_8d0cd981ed3a183a,0.016466751745997165
ck_57c07c45269ca8c0,0.011415770602488422
ck_ccfc9ab888ba933d,0.09225376613295684
ck_9658a6ef471053f0,0.0089205811236792
ck_dac3852758f4ea89,0.006334944312793161
ck_b1ed2278f5f14d82,0.023660865047694615
ck_333544d173524f70,0.04818194347033088
ck_fd4582e3853ef23f,0.023363614938447744
ck_614d936cef98db04,0.006780377343934403
ck_6bc351a3d57aac54,0.016266483497069016
ck_af5842fa7202ff25,0.01071495690449253
ck_81307759252571be,0.006476270863339819
ck_b4d2f02d2cd45720,0.14764535336817736
ck_1bd753a4681946c8,0.9417356584195586
ck_46d8c029d46867b2,0.0171983978802622
ck_b7da6640fa2f49cf,0.08817966716205972
ck_9ea3d5a5a91fef9f,0.04232639122477497
ck_7b922518f667f76a,0.0016833736707143792
ck_2a5b31594206eb30,0.514456254607025
ck_d9506476ad3f9e08,0.015856031167124918
ck_c8791f7ebd4d93c7,0.02000525749450638
ck_b5a3e20fd210017d,0.028100412638760782
ck_8e54386f4fe22cad,0.008425005377241187
ck_75296704f5806f56,0.021343903739323385
ck_0fbbc7a6af300368,0.0033004903131556365
ck_d19bf4dc0627113d,0.0037142714908915187
ck_7951bd4eb99a0175,0.0017709013675995383
ck_059e4fac6b7f704e,0.005183089147043759
ck_2ce8931af02a2ce3,0.020694672573332754
ck_9e665618a4860306,0.0031744102187707757
ck_6fce5a893613fd2c,0.0007735511468161338
ck_9e3fbd04e3532f32,0.28020547731211864
ck_55f2ef0de3420e3e,0.01836719712011706
ck_8d87658a6f5d204c,0.5259959230352989
ck_6d6ac1f5dd882aa5,0.0018630507245513063
ck_55d0c7012d7ef236,0.04875123626779358
ck_7738eb085e5753d6,0.0038662160732347173
ck_0e6e05c3cc8c8242,0.011221901099036105
ck_8d27ff8383d48132,0.003431943329065198
ck_9afc3bb849f3a64d,0.01682999464563115
ck_27eb86a9898cdfe3,0.0037584060504513702
ck_1d40e4fc541abe93,0.11888552550705513
ck_4fd9dc00e1913587,0.9735817752391598
ck_b26cdb2b7b165d2e,0.06725649101553982
ck_a79a27767a02e31f,0.030389230301333538
ck_f0c18cb9f951a71e,0.01770178684501329
ck_50460e0189de6274,0.9066353813300294
ck_5e5280539257c986,0.003814738729484201
ck_eeb854318b3a6f0a,0.009659017127226532
ck_943f66f28dd24750,0.0011720679889966003
ck_984dd7452aee372d,0.04209805055796287
ck_ecaa6de0aca5e9a0,0.02145123713046895
ck_8f1cbc432e2774f8,0.0244281374331574
ck_d91d9f8445b9769a,0.38199779550497714
ck_73c18e03e3c7612e,0.0033846516206634735
ck_aded05ada490da20,0.015844088459266884
ck_f744e208183971f8,0.016481045229760106
ck_02d4cef6358ad3b7,0.0115678325246066
ck_08ff5bd467226a5f,0.0016667016321632536
ck_f824b326d5089885,0.26263898397224134
ck_3420f2fd520890f3,0.0075179530588559635
ck_1838cf8d00f5b1e1,0.010428536542837787
ck_a85182ad90b6f1e1,0.002416658168629431
ck_fecb39c82c43e76d,0.008003952919304065
ck_162513e73782929f,0.020252186621297776
ck_2c27b77c59d8f23b,0.06496227979332525
ck_4221e07b17388fd3,0.06081627341180379
ck_adfb8472d5c3d669,0.017193367662538095
ck_0742fe64055d686f,0.002559382523514773
ck_5060aefcc8b6f958,0.01962501816436855
ck_643f549b4ac78a26,0.5049705475361445
ck_dba767885bd6ad69,0.018087454272283157
ck_0dda35c0c64c7073,0.9661982918291725
ck_38ea56d43afa5660,0.014328396637871306
ck_d813e15ac91f487c,0.08779155931838897
ck_4c840e5585a7b167,0.18511120113235466
ck_cb8551453a7bb929,0.03371442203454934
ck_05a00b1dd5a03359,0.005654141854207906
ck_837cc7fd48453a01,0.008900818994939847
ck_49dd816b31fba6b6,0.3713157053739877
ck_86a61d9a39768e87,0.02645848600093887
ck_cd0e76f0e7bb38cc,0.02566163258583984
ck_dbe58392635133ca,0.017934830947896878
ck_3caec7dd6f8d02c9,0.059353047707747866
ck_bfd9bfc5b6ab4a54,0.08512011374928402
ck_2103399bdb2898a6,0.013386292526033662
ck_329f7de7279e74c5,0.006266151351466374
ck_9bf0d28119fc42c8,0.02561112242552907
ck_f781539b1042dc83,0.0047966778565394705
ck_9986c7d781ac6b4e,0.006439340048731737
ck_a627734880aca848,0.002498614348621043
ck_2106e509d77fdb4a,0.5658279492089601
ck_420d1a9c604293ce,0.008021666710545139
ck_fce0610c527e2b56,0.02087208767823158
ck_073da541ec3f9d3d,0.016504464387144844
ck_aa5f3ab48c17fed8,0.23488209907961927
ck_0fc1086e1c9e04b6,0.012782308165529662
ck_5c33bb46c1a5945b,0.047481708033662924
ck_500948a8d4bd8e13,0.01497471400845458
ck_19becd44f2c3d2b5,0.03904581027619056
ck_7d0fe77dd5ddb656,0.028264147319452676
ck_f158d9e5f101bb35,0.009138520442165569
ck_cdd7c77823c2257f,0.060559187204410725
ck_6c7b41374f9b2e55,0.00929691781064689
ck_417090dbffb1a63c,0.017369466673047132
ck_dd0e17605f970319,0.011380121381597885
ck_3646515079e6be55,0.013796090661840513
ck_89c8b06aa8c84b2d,0.1308494189836551
ck_e4d6dedd97233c07,0.03387386911468431
ck_bc82fb1895fddde5,0.018434496731639185
ck_88a8b1d442ca3686,0.02499537776040913
ck_5791f8f76a629a4f,0.048419549709011606
ck_9cf5e88e97c8c7ea,0.014972826947467188
ck_58fd684aa5a6f289,0.002033164401568181
ck_9800c21dfbd8e811,0.02571137973673485
ck_8ae64df60ab6ccda,0.010945066757997089
ck_e535fb0f0c00418d,0.04388343098132097
ck_48011996d54855ac,0.3883646334905923
ck_ac79c72a8fe3fdef,0.03387084003206961
ck_b8cc2df5192bc49b,0.033168025813467436
ck_e96a5e1f08f8a867,0.01383707567513124
ck_84df6770549e43fa,0.005032780594727069
ck_e5f7b99ba6ec5767,0.025998873221270577
ck_8347455ab53ff620,0.0067121536676858625
ck_a84f2cdf695a71d6,0.004758375346907392
ck_90456160115f9ef4,0.0056684672223573426
ck_ebd178b3f3a9c50c,0.01889428358829514
ck_e1140be6157bacbe,0.0021908851605625425
ck_744ffc11d32b96bc,0.01910095569581673
ck_e12a9f7d027e3387,0.0056064342158706655
ck_cbe525da0b69f18a,0.017706486129799383
ck_aa59702537557ff1,0.049195202629995945
ck_0348cc6908f7f3af,0.0014639398324896545
ck_120e995d50956bee,0.03136895121846814
ck_9fcde1ff46cbbea5,0.013608532984002686
ck_54b0b070689c50d6,0.0028051126286670327
ck_966a167758fddfd4,0.07474737102953669
ck_d5194f2e92fd6427,0.007974706348001705
ck_2ee84f3fa27f2cb8,0.0057875651603575785
ck_57d0a7eb7eae2eaf,0.09082055332866129
ck_6a2c4edd82e10969,0.0019814525985623363
ck_96e4d38ef670eaff,0.006581906164630964
ck_52cc2fd5095b169d,0.009963671088901442
ck_4b088920f3a844c1,0.09849338297754039
ck_8f3ccbd20d59f1f4,0.008200164223464392
ck_e5e5dc431bed6f9d,0.007898749051336591
ck_e8b5bfa6838e28d1,0.008959592435981606
ck_4bfeb78b47b7c6a1,0.05752270167260685
ck_a705c61bd679496f,0.009294321768633814
ck_731869a0c39cb2fe,0.025949290978488956
ck_259eb102342057ea,0.0118560944767137
ck_47a6005fabc33551,0.004930994068098109
ck_682262b455a9edd4,0.0020412946223754436
ck_e839d104854945f0,0.004109007995001934
ck_761989aa4c47d746,0.01162870248653848
ck_44211dc210139ed3,0.01827851345470988
ck_9915ceedf63a5289,0.0649040481974517
ck_da59ab47cb6284ad,0.0042390479789429746
ck_e5cdbfcca2456652,0.00663436059978972
ck_13f2560c6a1ec62f,0.021280819206589127
ck_a0543e9b3abe1001,0.3790958451806323
ck_11c7a58e09e6547b,0.03396569205575305
ck_69587a134d43a4ad,0.06301740117873941
ck_28dc0de0ae291f37,0.024266481883106157
ck_298922703c5bbe05,0.0765455495714066
ck_fa5ba9ed9ed6a343,0.01725596277214842
ck_c08e64d424e56c05,0.05143078629981479
ck_598e036a28262aeb,0.036604625499341986
ck_3f7c870510083a51,0.014180836335533572
ck_364f8203a3e98d36,0.6193597829259031
ck_7333cedb61506ead,0.010248003155979067
ck_1d96d7fd65f208b2,0.025940346282910427
ck_63133a79f23e2627,0.027685076131327285
ck_901d820e0b72abae,0.002781630546699807
ck_5dd80b3c01457bd8,0.01971640689360797
ck_c0b8067c144ed6c1,0.025604978149861814
ck_cebb8aa8c8f62c60,0.009890692049918465
ck_79749eca42ff1f5f,0.02277464800881207
ck_2cc1d9b587f6da31,0.15793504404524955
ck_ccc7916b56d42195,0.007468700626851768
ck_e43e53cc7b8b8e41,0.0328048720363949
ck_4ab74a6e7450416c,0.00628810482261499
ck_6e44024e9de301c6,0.0042818953496807964
ck_dd78cb6ae2866cc6,0.014783035849617612
ck_c363d3b050baf3b8,0.06210075803922241
ck_2d46291975f0dd08,0.008684463591807814
ck_76ebeb5aee42f041,0.05205684594817109
ck_8395f004cf4d4c08,0.006030366481691185
ck_de7259c3741db179,0.018837466099150657
ck_3938e92585df2b34,0.021524212579662354
ck_af69bfcf4f07d932,0.017497653789130718
ck_1723900ab9afe374,0.13074044931494552
ck_3d58628d1c853c8a,0.010153692589715786
ck_12a074db100481cf,0.04700278594815232
ck_8716cbf892c50e29,0.006633005446801298
ck_fbf7351958ad9615,0.016312113460323154
ck_a50370907e6b397c,0.06096823489136667
ck_937402a60df0821c,0.0018006839938821432
ck_8ce9c5807acbef48,0.008204666622450741
ck_acf7d65eaaa4c31c,0.00952400500367808
ck_ec3eb6dd0967cac5,0.029128484845299424
ck_fc832b0c90c9bdb9,0.7897032165906792
ck_8129e81cde280131,0.008860836194905698
ck_52c0ef68aa2fb8cf,0.011319122517210912
ck_06f042e9b1b662fd,0.04690938517723602
ck_0bf35dcf7b38f650,0.0034837109368162167
ck_615763afc2e17a7f,0.002513357126384256
ck_e72db9d4b2fc9997,0.9524070250643649
ck_13757bf0eeb353e2,0.0058202475946028025
ck_abaf371ec8249c4a,0.07023290645654334
ck_9b7167da0920c37b,0.06325962171785335
ck_2e824b0b27494a17,0.04425876526495355
ck_9a0b605e9c3220c4,0.025421014921354436
ck_a5276af466b681de,0.002587637009870537
ck_9e0383e1fb6e214d,0.09090220369856908
ck_6a27c44b691dbfac,0.003469849471674863
ck_af39767cf583905b,0.012441999145477339
ck_243b1b9fdd3f9a74,0.002723192065003692
ck_c0422e638a9c6046,0.02227453742303958
ck_e0f3ea3373dfc4aa,0.01769646880485573
ck_d56ee1654378ffc7,0.017328881743551933
ck_20cd2f5666719baa,0.0020386103466718763
ck_4dfa1c1e9b69fcc8,0.01102640956660768
ck_5d22e9ca1d15180b,0.25625573453506645
ck_f4a7ac178fd55f0e,0.008896808105507982
ck_fd5609bd23a1eaf8,0.004080938528445752
ck_49c3bf13dc9471ce,0.025135251796055757
ck_724085c3452d4693,0.3728205501162052
ck_e5d1462846154a75,0.01238195130310858
ck_c69ef0f3e7d6acf9,0.04859895373553192
ck_a2d0417791d4132d,0.011444502240171031
ck_00a07fc2a9183c3a,0.0025581565310295908
ck_781b8288e54ba8f8,0.09393575492825074
ck_d74a62ab3804a81b,0.01223901276649915
ck_abcbde211b6267f8,0.07128449822810862
ck_16dbafc035574654,0.007535100156885145
ck_018f780215ecaf38,0.011087165593964141
ck_0b259620eac51618,0.004433780721681095
ck_4f875342394c110f,0.0433762423354144
ck_399e45e5fe9beaee,0.021876274130290457
ck_36224a2d394ebfe4,0.08765315846515995
ck_c189b551bd111332,0.0025850329815704865
ck_125c5a720ecb177a,0.05152380839047043
ck_76d010aa02eb477a,0.0012390255262319004
ck_1071d14c46c92379,0.4558942741592394
ck_61d244b2cde483af,0.010859227651287563
ck_2ff1860da2004c84,0.0018479318418049688
ck_c5b583490198672d,0.013199748964045611
ck_1294f7af22fade11,0.08854702165271634
ck_e3a22799716df39d,0.008924914625074783
ck_c77e22834ef97005,0.46569038058423645
ck_73d3689728270a2b,0.001759616574364531
ck_295565fbf77ef885,0.003787411772611769
ck_80c0a7f54ff4895d,0.003701087086547673
ck_f1ef5cf7f10b16c8,0.019328993554260217
ck_a958b2461ffc21a2,0.09962234023725457
ck_0e7899a57cd617d6,0.0029543426902910452
ck_9d4fed252718f58a,0.024342973597031154
ck_83c2c34add971d76,0.006017912244250231
ck_9ccc030ba2de9fb2,0.013955830944854062
ck_cd691e3466fb3742,0.012472487302477067
ck_49df70f908dfd069,0.07162281251814533
ck_362ce13eec1e33a0,0.0032183788458917486
ck_2452a30397dfc54c,0.0073551333425449315
ck_a443d49c2b4863b0,0.012033827629140192
ck_c8b2e2cb349dd0ff,0.014849745952996155
ck_354909fecf5da8cf,0.00830877296953001
ck_841f598bbd54c83f,0.036244185789164565
ck_cd6fbd4e8724f994,0.03079925731907301
ck_e0b3158111370118,0.007528068072556642
ck_4c2f2eb657c2c60e,0.005058126003105082
ck_ef346071f0b7654b,0.012862980671323037
ck_f3bc10e3decefce4,0.0034165944017513685
ck_189b6fbe9b9192e7,0.017579892432461705
ck_5245cbc5ff4d4fa6,0.011765520224049333
ck_cb42e3be6fe87f60,0.011729231006751367
ck_966d4d713cbc7792,0.006980921852784095
ck_1c8c969667cbaab2,0.6560326035449199
ck_d35e3aa9ef5d405e,0.13141478329155332
ck_a1c39df50a5873b3,0.01840722444759378
ck_a152165caf295b51,0.026097368587747475
ck_891eaedae139828e,0.00707678916334528
ck_1a46b56f4734d52e,0.0069931132782884405
ck_5e36042cfad96c99,0.23076487282603036
ck_02a8582c2603e675,0.009415487402082886
ck_6def9d0429e4ed4b,0.03470309688163195
ck_e137400825a1e3e6,0.009022737079139597
ck_d91ab840848a54fc,0.002688802481224209
ck_becb6e1c608e0078,0.0032611207925034467
ck_6fd8c86ac719d7eb,0.15433574550933143
ck_3ed4d13f12fd9d0e,0.03153697195596812
ck_007337aa99a4891e,0.002340692334216057
ck_60c3d8306527a08d,0.003063500105567801
ck_95458880a54df0b1,0.2627398849777997
ck_b48cd8593533fc1d,0.6255160609698546
ck_021c6a4a7e3f1f0e,0.0019488602672817386
ck_764d40f865e710af,0.0139574835968407
ck_4b84357ae8ec7777,0.01776311201415487
ck_3397c7856b4669a5,0.0025428504536845037
ck_920bb003b42e6310,0.0034568715948717554
ck_8f59f11b512d5b7c,0.04265610941059585
ck_a3acf4b986afa98b,0.07953175358245956
ck_e89d25ed7bdeeaea,0.009290092595680676
ck_70e6bca473bf6902,0.003719000754970933
ck_186161ce152836f5,0.014932490652655277
ck_9191579254663f5d,0.0029263226148243783
ck_1e6628879e9d653c,0.009925719852434543
ck_b498fa91a0776ff6,0.018932621391316597
ck_cfc2384f22954830,0.055948629403244785
ck_17673a1c2867888a,0.0035681251064639766
ck_523dce06515b072d,0.014186188977368352
ck_c20638a325ead2e4,0.005406604862839971
ck_d3877e1f907cc148,0.050014316978251996
ck_e9a2495dea8675e2,0.015561160078709155
ck_7e561caa5fa1f3f1,0.02635154877530993
ck_455672e652fe1abc,0.8795880250363517
ck_7f8f864fcc90ca82,0.041963447088687406
ck_1ad36046aaeb816c,0.007484240932965182
ck_de056e37c82e8e00,0.02252592304899857
ck_7484c214c889fe7f,0.027283254164239053
ck_32430e678c4f9f53,0.0038745967531494327
ck_6276ece8f80ea799,0.016911732601548324
ck_ae8e5dc4b725bc25,0.038153895960725735
ck_f01be92dc78a2dc7,0.011123512779615216
ck_233397a8bd40d38d,0.005141694364302804
ck_f8124911450fdf31,0.7580936779879099
ck_aa0a3179f1111674,0.005782149781620227
ck_2366b29ed9887a5e,0.002848506742913019
ck_1f22f04dfc08cf27,0.009297668982764358
ck_b62276c3426d680c,0.02100780354050186
ck_d099fca88691f66f,0.036732441720302086
ck_166bd1dcbaf4d6fa,0.0031595967789724328
ck_7b1660e942436e12,0.038903962469259264
ck_4a9a791a1d409a3d,0.04098436606463432
ck_b003e5b54df65db4,0.01893549663720551
ck_64b4dcbf436f0b75,0.006440713864140933
ck_26e9a7bb2061a58e,0.046401536961029485
ck_08b77ad5f8f73007,0.014832203638292508
ck_366616a725afc6bd,0.024972599446577246
ck_934fb5064b6eefe2,0.0021982290752050014
ck_c6abd5d57b1009d2,0.0063249824461092796
ck_edcfa9e1cf29d813,0.018610085882041813
ck_c30201ebd003fdc7,0.011846499375646169
ck_c54643d94d3ce355,0.03482428151951
ck_02adda6e91e49650,0.029506684303011937
ck_5b73d7c5255e58a3,0.15475632073207815
ck_129ffae92dc01408,0.0019079950522511778
ck_fa321945ebedb916,0.03984718989737873
ck_8da980cb2e1e2bfb,0.023488925173032256
ck_0576b00d728bdf19,0.03338893077114862
ck_c543d82e22b3c8a5,0.007073441950890678
ck_0027ba644f9ae2cd,0.22504159943555568
ck_8dbf61df902a6bbc,0.004584101292216842
ck_90eeca1cda79fd41,0.002217944341492872
ck_86d7127391d4e01f,0.004144859311410427
ck_73762038c7ff2f6f,0.004471376215283209
ck_a1484e6215fac651,0.6898044400927841
ck_cb83b9f806e90dc6,0.12120394184292246
ck_8c6f059c95872126,0.002068440337946735
ck_3174419a81e7caf2,0.0024575479535084346
ck_6a0f8f8fa4a3c2bc,0.02317250315261884
ck_b5777605668bfca1,0.002152489118278191
ck_27e4de495abb4d15,0.006391175944724882
ck_7f6fa79c7a107161,0.010492118213805784
ck_c36ed9f8e6792ea4,0.018144037612313438
ck_67a1aa88d2ea554a,0.11475738772148444
ck_09748dfe4df3d540,0.011494996836656338
ck_27fd85b1e38b675a,0.008132261370734285
ck_2369689bd795ee10,0.006091077023382404
ck_4eb1c12f7d092bac,0.0030639095081021897
ck_01fbafc42c8e33f5,0.01026931124236689
ck_93c4e05699b3b7d0,0.009825935656509417
ck_afc484d1b6907983,0.014230724938684302
ck_1b2d9cae92a1aab1,0.17141219859494042
ck_73b729cb161487f2,0.004910872851220377
ck_fe3c1d0ac090d960,0.21058709538877896
ck_408efac1d3885ff8,0.06121294440683974
ck_ccb4dd9d0a48a76e,0.005649147570020618
ck_2987eab34ca7805d,0.01595807500406847
ck_1dbf1f15193197db,0.06173266342812866
ck_4ed711fe4053e74d,0.4879783167543542
ck_6c54adce174f45f4,0.006289146193489419
ck_a6c740041faf0bd5,0.008713695824085377
ck_b05c4d33c4f43639,0.038714653449902985
ck_032880f1114dd51c,0.029566014292251516
ck_22311b037456a76e,0.002532392871034202
ck_5866b413549765bf,0.007320628047554339
ck_0e808afe2570ecac,0.027990612245209975
ck_634276b05f4381f8,0.004147090455831739
ck_5d8773badd0d4740,0.012336332730250268
ck_82b5b79ce3517102,0.8295692883007882
ck_b378b8d8100ee4b1,0.014724036290085521
ck_54e581f71be5430d,0.002567916234603446
ck_798ba4b8aa544fea,0.0030832830184480673
ck_3fe86b6331ff95e3,0.06870712689426457
ck_81275d9d4c559e6f,0.0073586944858124595
ck_99a4e5ef02d89493,0.04333275546571496
ck_54e2eb018d947790,0.01587351087522725
ck_966901ea9c77cc02,0.004985271879630345
ck_27d69ff4e0cb428c,0.059623175783348734
ck_2cee2dd7bbfc09a0,0.8106085459075695
ck_4136b00924695ab4,0.0015327996710843808
ck_59a164c40c03a45f,0.0037978933138497805
ck_3e24b026bc66789b,0.0012512065761143515
ck_8105bcf69a75ee47,0.00504209004180289
ck_7a1782cefe26a456,0.052085378203293294
ck_970c7dc195161272,0.004383109566288042
ck_a48ec0c00ae20e82,0.06484142749003917
ck_54b374ade34e1dc1,0.005468046512649027
ck_74e5dec189761d14,0.0036281222323427814
ck_4717f24f2c6f40e1,0.07645753679021132
ck_fc8cd8a8209e802d,0.01576200099257111
ck_71db4131d7efe218,0.006285240105185858
ck_45424ea6f0bc4650,0.22630871174547496
ck_3716c6181a5035bc,0.025528615278542038
ck_26de14b96bdad4f6,0.00790238749933521
ck_99c0a41ac9c73857,0.00520605719671448
ck_645f15bbbcff3b4f,0.9839291689513416
ck_b7e25ddd41514d4c,0.0022543540346693204
ck_d5c14e877ca7b755,0.0075088567027054316
ck_05ea4440dac6cfad,0.015261052613362542
ck_c58bafff7b1955cc,0.018975238582309796
ck_f0cf85b67a9b840f,0.021248989035331935
ck_ce1500a7f0d03fba,0.0037535318221019603
ck_d4972a775aadbbc8,0.010929088659453223
ck_3eb6146c262e0fc3,0.0033777044794655866
ck_afb23858a4ef42ed,0.9746856854142563
ck_2c1def5c91c52a5b,0.20278012783155286
ck_72e550559487b919,0.005289585435761115
ck_0284dc2b4f856b3a,0.5025045349199448
ck_03be334935e999a2,0.012288261436479903
ck_e35a4b4a3cb4cedf,0.030716610617236323
ck_5abe57dfff4b735c,0.012646628936980788
ck_f5f87f772388efa0,0.023298817242436137
ck_5a22cb36d612236e,0.003282376862325018
ck_8ff1e6028e764472,0.9443169286297707
ck_2ab28149b0986642,0.036595491292380565
ck_c88fc1bac79fa6d3,0.08223146728397919
ck_5b137d74bba6b1b4,0.0010855750850963047
ck_11f362dca2dfaf5a,0.02906538031648074
ck_7f960541e5174565,0.007781149229122094
ck_d5458ba39ae94498,0.017799253397096756
ck_0a921a73a90c2e39,0.023259175743078363
ck_6ad56ef40086dbe4,0.012244693259927632
ck_b68199ecccf2350c,0.001112680296741296
ck_6dac66c8198c07d8,0.025282999663926334
ck_9b9ce7bebc235fe8,0.006831364933876776
ck_6b817117d87063a8,0.025923770502130194
ck_900d62b3184378c7,0.009578999977028262
ck_eafe9b89857149b5,0.010105251152310285
ck_e74716a525ee5b24,0.0017647558819128477
ck_4e9a6f06ab134102,0.007446298618403385
ck_b0d33b5a3716661d,0.021620074009100557
ck_8703543bf3134306,0.02004402212273885
ck_923d6a0f83accef1,0.01203766246117877
ck_52e37e2170532e2a,0.17189387862301175
ck_c1c5ea839c58958a,0.03482087131607902
ck_660f0006780e87e7,0.011940275127890514
ck_830b2c5d1818ac07,0.1618883436863976
ck_b080ff636932d1f1,0.0016592650579141611
ck_38730aace405f2ae,0.9906260253329365
ck_9790138467a06223,0.00350488241559876
ck_10de0b0d86b17839,0.004814018967641357
ck_c3e37a4d3382c32e,0.0018973794463153558
ck_dd8edfefa1eba531,0.0019162838393547614
ck_8153cdadd300d234,0.0027296078201407047
ck_74d0e7c2c6b63d36,0.8556504273558612
ck_c478aae3031bb328,0.012096475636350943
ck_cf301f2194975866,0.008408403766912535
ck_f4de03f44e3a5bd5,0.005162133974213952
ck_b06ce826e593b210,0.03403722880240555
ck_2fc70b6baf6a0e26,0.005706909604605357
ck_d208494cf5c90047,0.03941502736316699
ck_086d29ccae565e5d,0.0051158615599929715
ck_d5ef6dc116dee408,0.017833516805888423
ck_fdf0c5b722d83464,0.0031952140622330577
ck_de8494b13adeffb5,0.00586999189173796
ck_556786868599143b,0.03508559450466256
ck_4940e78cbdcfecf3,0.01695203666315706
ck_d32fbbfe32c00416,0.013260051436212934
ck_bc7710f7e9fae649,0.00486711175091222
ck_416f7ac57da081a3,0.01614146858089302
ck_6fb39b60c67d5475,0.0031504070354024336
ck_e40a156511345d6a,0.003147455892192436
ck_49ab879b5aa7fccd,0.11626499488784578
ck_bb643194d1cbc47c,0.9784490101577701
ck_b3ce8f1bcedfa043,0.016069779159492564
ck_558ebde8c29132a4,0.02148145150203936
ck_e6222925762273b8,0.06498722862816991
ck_bd80546b4807dd59,0.025144733082471282
ck_bd21164bd2bbb635,0.033501753575158374
ck_ea835557d7043667,0.005497228993558178
ck_1411a80a157ff39c,0.013012726373047461
ck_ab973888c20c9120,0.08642240173475536
ck_95b48972061abe82,0.00635776326746618
ck_fc4a43f8876bf10f,0.10505282682267415
ck_f34fb7ccf82f41e5,0.006594099241744816
ck_5af9934a56801ac0,0.010592750196111169
ck_fc7445ec76389a58,0.5383364918866789
ck_1eeacc26f02fbba4,0.06746538384923675
ck_4f325dd15c9bd45c,0.03060851091291901
ck_5009a6c8bbaf15ba,0.17644910457293145
ck_0f3de7f074bb33af,0.004477254897788888
ck_2cbc2f93a32eede8,0.03635024516063163
ck_4bb90a61c21a303b,0.005711846544208345
ck_3ade9eac7d7b0dbf,0.13549357885723567
ck_4859a58629622915,0.14241552015714504
ck_5fed957287ebca03,0.005059957981042329
ck_ec01ae5351500355,0.002766473081089813
ck_703b41624ae6a5b6,0.005368512498979851
ck_97c38e7f61c27e47,0.009697622987929585
ck_db2c0908150cb2cc,0.0432825370786332
ck_64ac5e6fed86ab60,0.9671406484379332
ck_da1c853b0a061e83,0.02907288056181289
ck_9a36916b60178ded,0.7086142621040405
ck_3715bfa7fed2c675,0.005249294216042761
ck_dd3feb77d7d4f6d3,0.0065921501189018
ck_982ebb24174a4ade,0.004783693325169047
ck_f6b7a10d47dd9a1f,0.00989144600030382
ck_1f56fe99f250cdf4,0.027224722601933055
ck_deb3ac0606d6f6db,0.018908368652437734
ck_e666629e5a41b39b,0.006479794630734909
ck_756d2c13d02b3e09,0.012818147339200992
ck_7bc752ae7cf5d55f,0.02173082308422212
ck_fc0cc4b25e6a8194,0.004408283631670981
ck_9b2b0e286de78a1b,0.015518479307505571
ck_24b0803447211bf3,0.02060624226383022
ck_82eed68d05a42128,0.015325348067372135
ck_c8a03c516ed5b05c,0.05232609962925161
ck_e914974cee1bccb1,0.007270384017519787
ck_0c533ff2d0f9962a,0.03698662825766979
ck_c12805fa5d970a83,0.025101620062180485
ck_fc2cb29918631f10,0.15168637354439346
ck_c20e89afe575549b,0.00376070034032667
ck_e1ff9e31becc27ae,0.30878682941128466
ck_18116d0ac08f1996,0.9377382573784039
ck_885a83975cea5e64,0.005112312370120434
ck_a0c3059a959ba5d1,0.02341427808160016
ck_75257ca7d7da2861,0.029688367354362574
ck_2210f7a0d13bdbef,0.02305082234597336
ck_9cbd9ecf8374f65f,0.005842749351918431
ck_18f67c00ba21fbde,0.006458083552574554
ck_2d28f14d3973d8fb,0.0027196384566705216
ck_8b3401b44aaae728,0.003396087765454829
ck_9d8e9ef37797d3af,0.4929859699575568
ck_9f50920c894f64e1,0.009817982134776458
ck_4737e0d56c6fa0a1,0.015572044081819785
ck_52c311f29ca3aca9,0.0030786588095774803
ck_6a4981bc721df37a,0.03005719409426829
ck_823539d936c55fc6,0.001971459040291177
ck_df5aedb4118020bf,0.9273324609693248
ck_a911a066ff0f7b56,0.01513232324309069
ck_684609767df4a14b,0.07615185539729592
ck_f2350bf355dc919e,0.01012364984967944
ck_8452b6cf97c65a5e,0.008615373341759727
ck_084cd84501012218,0.7122014972701929
ck_ace6b72e5bf3e93b,0.2248173993958778
ck_2afdd69094c955c5,0.05371144341263704
ck_fa7d5be26bf7b31c,0.17258263726648546
ck_4b041217690fca2f,0.042915886128206536
ck_9fb8e3d38cdf276d,0.7633842703701639
ck_c1ee56d65a42f59f,0.02092794113974321
ck_fdeaa1cd085691f0,0.036122366889807064
ck_5de33a7a87e9aa62,0.032798668277953066
ck_7476e7fe1ff45545,0.04372673267675389
ck_b0a947b498e47018,0.010535839677417448
ck_e3894ed88a7977e4,0.005120888007505202
ck_c7e07ebfb0bc15f6,0.036862158492810514
ck_3a3daa8b376f2a18,0.005801060787616898
ck_87809324c2675b0a,0.02174894088335158
ck_7eb4f33260f1dcd4,0.010316158541574392
ck_ab9f0e08af030060,0.031464160216308594
ck_5b8fc4a76f340797,0.04717631115627185
ck_0e7bf10ef49aa818,0.07826498579196728
ck_a44462a3853ac67e,0.9861746939055196
ck_2d14bcd2e0fc043d,0.004764356922729961
ck_df1f2dba802296be,0.8650144192492811
ck_466a7316eaf149b1,0.033184427158295324
ck_50df50af592b0c06,0.02342149979293141
ck_5f9e34c849704b95,0.021890222810742432
ck_7836bf6def26aa87,0.16700975564600717
ck_ba175b1bd8efaabf,0.013658330107893694
ck_1a0aac7f7b94b1be,0.1630685525225605
ck_6768c4b2aa8ce586,0.007117640326186307
ck_eefcf0ed15897898,0.019894911232112917
ck_7a6cb27e390b6ceb,0.009777593073265978
ck_5275be4e1577c1c7,0.010731138653759825
ck_6bc0e5b8c0b7d2bd,0.031719675172510654
ck_4874bdec79f9106c,0.031217183693546303
ck_a678731156ad7bd2,0.23649170205362835
ck_db906debc36a5d1e,0.03239775221261318
ck_e87897767c612942,0.049658961179401516
ck_45ed5ee496ef8a67,0.019347347054179342
ck_ae20e28f9854f3ee,0.030511362745422266
ck_9ee044b73943a90b,0.01718683593893637
ck_dab34cf6f0626c9b,0.011820371039582965
ck_64a02b7b96149810,0.003946749371626914
ck_c417d06f3e94685d,0.042513872722796844
ck_3e0149cdee4cb294,0.012971262240408886
ck_0e6046fc30f81705,0.03679435947365745
ck_c383aeabd53e9c89,0.03325000211891347
ck_2ef76f1f36e8b869,0.200050102771235
ck_43948784650bb9ac,0.01273598092389214
ck_bdb966f43ac350ee,0.039117730144199225
ck_5bea0e0ee0b094cd,0.01322039233476172
ck_dff090f03ca5529e,0.004977615699278086
ck_a4691b57f837d88e,0.020116590769453338
ck_99ee90946395d74d,0.6429928535368867
ck_cc81dbc83a8879fd,0.007989422584866108
ck_f3dc0725621b3a35,0.0020274320181646655
ck_1bb212d1288b9689,0.01997952525077465
ck_9e7278fc7679f002,0.04326366475566157
ck_3ded7a8720d7e311,0.018776938681920118
ck_798157bcdb9453e1,0.005029224169255995
ck_9fba80f56f357fe1,0.00613705360099652
ck_f1e1c8491f16f912,0.0053213467685417635
ck_7b1319a5ca2f63c6,0.9714524987642452
ck_124432fd5c92af7e,0.6621329758108154
ck_148cb0c723284dc0,0.01455347592098993
ck_b56c62c950eda009,0.0025598799755376543
ck_a0498755cd8d7188,0.00252813902256252
ck_5379452a9d74efae,0.0021848638698741063
ck_6c2453229d608183,0.05588922619989416
ck_f9d8b4813a88c1e6,0.006425269771680757
ck_c2c7d1e45a521857,0.03274480666254542
ck_4364a83a11743888,0.004836011648961404
ck_2cdf5fd97ba75e06,0.09823968249454848
ck_71bc01291e0533a0,0.014296073542456253
ck_a725d7aed2a0bdc2,0.005550886211957054
ck_a9b0c4dbd7db6a91,0.02185777762407154
ck_a4258806a533efa9,0.008287856224359349
ck_905e460591d9a278,0.10138564304764007
ck_20de8abfd8960ee3,0.02176430806149697
ck_252b0a0f1119b220,0.0016396423674419796
ck_95e4bef65c36af1a,0.006253731177096784
ck_5ab68b434ad53fea,0.007749021222846777
ck_13677a1957078827,0.004892216156316046
ck_d251e9fa09e542dd,0.9923789065976973
ck_700cb620f300dd47,0.008254243084153966
ck_39a68c55a1bd3ace,0.15002133857557826
ck_61a59a7944d6c53e,0.2349653894913839
ck_db6d1c6d31da967a,0.015990537861931584
ck_650020c500b1b50d,0.007942748396434184
ck_d812eb6930192793,0.0015654831119408593
ck_92f6ebc11ebca89b,0.0775065714832339
ck_d87e26eb5bc84b01,0.0028926187657581856
ck_66439e697695224c,0.0022716693558197877
ck_f21efd504faa654c,0.0049421457967271515
ck_15eed0f5652f0352,0.005524450372336095
ck_bcdbf57d98dc0d27,0.015517591331242354
ck_873ceb8004d3a9f7,0.05301445799597107
ck_70bef9ddd4bab005,0.0026759028442378888
ck_7560f1891d66f294,0.002157630975072552
ck_f439f16f8693883f,0.011169950604809624
ck_14f9535e53f9c7a6,0.008578554289677813
ck_5984be472d2bc267,0.22205960635596056
ck_ed01be7504dc4187,0.05567338309683404
ck_dc3d8b5c17b67ae9,0.01233025558107342
ck_9dc23031b6b494af,0.03716417264292356
ck_fbdac0221bc03f66,0.022785231027327903
ck_863708a99b92ef0d,0.033515430386754114
ck_22b52654776a1ea8,0.6642494791659855
ck_a0714f98001efa0c,0.014788464301975727
ck_9c56114f84e9a541,0.01148468630767897
ck_e155cf506b2fb699,0.025908817219082836
ck_65ed7e72f24731e7,0.004108256024699618
ck_822d6e8e43befc72,0.1494437798030196
ck_b1182471d9ac6b26,0.002495068128989889
ck_821446adc95e6da5,0.005117478312564306
ck_ff182f033134dbb8,0.024751447359666938
ck_9c5feef7647b0588,0.010801954608282349
ck_df935d8bdd44883e,0.011764733248500593
ck_01eb24c18ad11fca,0.08673857221769679
ck_00d6730134a1eb51,0.015666311270219325
ck_79ba8e85678d0224,0.015922874149447378
ck_97e3b04a1350f6e4,0.043656786081673206
ck_74e9747954a46eaa,0.05663499732237148
ck_397d5fcc9972f909,0.03735934243216245
ck_9ede89e8a43c3f53,0.08450842531481349
ck_303b33910d67f306,0.005370168449320887
ck_3c17841636f6f7dc,0.009674810671358352
ck_78730527f8ba1438,0.229848666465583
ck_5ee32bc6bb5d1d4c,0.1501366306219858
ck_a13fee8cd925d0dc,0.01108195731965047
ck_6f847263379f2e43,0.05660925238455382
ck_9b9d9e579e7b55b2,0.039730206912541574
ck_87c1d0a79e79c84b,0.012887123569039803
ck_bfc453eabb472f91,0.058727113027976646
ck_978c21bb5fe3171e,0.023809551430491523
ck_dd882323474431d4,0.02540854262104087
ck_533c4f7400d5ab22,0.27814944127089114
ck_5f217bfe28954e75,0.9788517868594899
ck_ae96d35465b3b4bd,0.014024978361023819
ck_512ebe97c0af94dd,0.19476428358014886
ck_f558fe02bb0219b8,0.0077608470592404385
ck_84092e23d5ef4d51,0.029844172912317276
ck_17d3022ca12eacd7,0.015328683407504543
ck_8a8f81bf3558fd9c,0.0068887523894806645
ck_0ada6fed1864e7c4,0.021508901622270822
ck_21fe7bc59dcd78fb,0.005091948758919495
ck_e136e20c1c74fe38,0.012717929034322725
ck_e7a530e09d113dd7,0.11290137014318286
ck_7cb0c9ded4d63027,0.03302111872127319
ck_102db9615e722c9e,0.050873846252587285
ck_129e39ddfde92eeb,0.0016591282091645728
ck_d730ff21bfd7769d,0.0264164066027042
ck_54459b45d2be8459,0.006160215218520587
ck_7f1c20319eb60aa6,0.9915407271024087
ck_939fede90473e412,0.01251148310216193
ck_e0f9506a6d5f4a1a,0.004701085193634488
ck_9a4967cdf49265cd,0.19385991510747635
ck_b9eaf03453ac7d5f,0.004734291150727762
ck_522477be6376b450,0.00556977779849333
ck_9b6282e3bad50710,0.019752248050419124
ck_a0e3a2facd508e49,0.043936999040574146
ck_97ffae702f7c3d08,0.0034690293524247606
ck_344a95cb7115ec67,0.013120891240037812
ck_1f2760764afa45e8,0.011483856563245971
ck_720cd658d11ea428,0.017135324670392374
ck_04e32ee9834c088d,0.03354589145769478
ck_2bb1389e5e72c8f4,0.03507248526179823
ck_961e7dbc217cfbbc,0.0038817253056022435
ck_f3bce4eccfa6d6bb,0.005078053170394135
ck_e0ccfa0d689339be,0.01278147653601403
ck_98217aeafa0bfefd,0.027027501859592094
ck_a02aeec1914c158a,0.017120615752184896
ck_20a17e8f206a14c8,0.04524567114154254
ck_114c32aad4b6183f,0.04592690977849055
ck_79f5198f0decef20,0.007784739174469174
ck_2209de229b4c71c5,0.015262263005411985
ck_6ee939b7f396975f,0.00831300800344611
ck_202f0c14b07ace01,0.03692667917549287
ck_fa24db9d416ab904,0.004882418973848699
ck_cf6aa24b92c4d33c,0.3856863824168635
ck_45f57fb8194cefc8,0.014738181734063568
ck_d5eb179dc45394c6,0.02056539562922343
ck_efb24be983342f75,0.018146511069531107
ck_245f5d62ead5ef28,0.009182064952879357
ck_15fe2a47fa7e92ea,0.003264518216219695
ck_b6527a85fd682554,0.015178247933203246
ck_11f9390a11ce9ff5,0.03178634452503441
ck_ffb4d892c5158201,0.002895878628158627
ck_d4c1da5a1427fd6a,0.05725714019214356
ck_2c041b1efb1c5063,0.009243396290156386
ck_ecc18f40b33be769,0.11167882135273352
ck_0525349f3945375b,0.09661997764428787
ck_0bfe62e0c7eab9c9,0.019925460867422185
ck_b7c37d410b1646c2,0.022925575515751216
ck_4b15b0746318cf42,0.15130360197522114
ck_e5ee006ecd8ff661,0.03253655825427554
ck_ccc83cf66365357b,0.020772606274736448
ck_34a33ffe8339f66d,0.9659065416822745
ck_4e39e3b165edab58,0.9113177462300239
ck_1a71f8081ae00190,0.9146957328997184
ck_ed8f1200fc049c40,0.8172270429524335
ck_8a5a57858e8c77f3,0.01639442862036858
ck_fff9fdc2adf5100b,0.6161238842033387
ck_c76f1bf40f3b787b,0.001230598168655769
ck_1a6ddfeef82b1b1a,0.00327467089964666
ck_478d2667aa9896d9,0.05657690719530817
ck_641c8e7694b21f3b,0.05315098329237915
ck_293581d879f6663b,0.5866902721787655
ck_1bfa8abdb22be8f0,0.14702340998872493
ck_05ab5b03d0bf9ce4,0.3160400783993925
ck_35694db37f0cde7a,0.0018422521676131594
ck_fe33eb743d714c03,0.015224608644136363
ck_abd10fbcbaf2b038,0.02218727339038242
ck_46d51648c1bf80e5,0.11845798719014027
ck_5c8390017fabfaef,0.036048857216091246
ck_87d55ca333f22072,0.0020474941180908673
ck_c39c6a1453e2b92c,0.002106085217519541
ck_69ff1b0aa143a168,0.0015353260257808666
ck_e57c79eaab35ded7,0.004774246998032913
ck_463ae759e2b6ad1d,0.014788531318295018
ck_0dae4a7eb587f3ba,0.03389722245984923
ck_9b12fb56529ebc4e,0.012454563957739669
ck_1af547077ba2dd03,0.14339912768139867
ck_de13de941bebc7cf,0.003945111013000525
ck_83dde7da2bf647ac,0.0016424852080572355
ck_c80a94d4660041fe,0.027122683935640445
ck_f39cfeb277ef6528,0.002375470269161033
ck_1cec1ed1512a2d3d,0.0015395923190311726
ck_7955a359b6448799,0.0014083116820651984
ck_8c0955dad13c3ca1,0.003914576524676171
ck_6d4cd2de601a2308,0.010382653706009078
ck_f4536ba8dd2d551d,0.008859468949502474
ck_b379c198d6db2d62,0.037511613781569725
ck_76ea90ebc74bcdc7,0.018876300199710695
ck_734f06bd4aa92781,0.03438796271121712
ck_677e1d0c14cbf569,0.0037988460074512348
ck_259271c70f3fbcbe,0.03345388197143185
ck_c0b744eb9e7d4eb7,0.014030965143963653
ck_3d41faeb96802f68,0.008777792816129008
ck_8f604fa70fc3c8e3,0.007968744620940849
ck_0b3c3bea0e0ed339,0.029180407151730446
ck_be5df076b8a86409,0.0036144674669362966
ck_6a475fe324d7d790,0.020004649005392665
ck_3ba3fa5387bacee8,0.0008091893592777842
ck_324b9939d9c1c31e,0.0021507185418115026
ck_a7fcf7b592f68ca1,0.03101626019667933
ck_5b2728f7cca414ae,0.003074624297114216
ck_5f4a25ffd0b85a47,0.024009010497078567
ck_63d4f5076fe4406e,0.0034380544415640556
ck_af528d66c86f0cb8,0.002160858100234809
ck_ac7cdb9b8da7b5dd,0.03321662295680592
ck_3bece63711407e25,0.022964602614276877
ck_d4e0b2a12fcfc35e,0.003079524496654044
ck_ee3e7c9d3a9c74b4,0.06883500412512551
ck_50d7c4dab837bf66,0.008380314988259467
ck_ebcb93a2990fc914,0.0735978366316025
ck_2329cc9702cdf7a0,0.030855515099104964
ck_db1fa53d588bf99e,0.006073915815953075
ck_44e57a0bad5a0745,0.012425933130796044
ck_472c81a144f4631b,0.006276333455153846
ck_1658429acd5306ba,0.00956772803877402
ck_466103ec5bd9444b,0.008163031480755428
ck_9757163e25262b74,0.02825549871577553
ck_34ed59bc2c9b0186,0.005398079831554912
ck_b7bd3a7f263f4f29,0.04890119365558252
ck_149662b09d632e41,0.009108463480967745
ck_a9ffd6b3957bd41e,0.004789186514460528
ck_ab80466ef615e85c,0.004497805990665938
ck_f2c824d3473db24c,0.007751687927999557
ck_a4a01fd45936b078,0.02526439198311929
ck_8f6ce158c2902877,0.001201807131501417
ck_5189a302cfa7cefd,0.0014050436642249215
ck_430a3d03be588201,0.03305523989682141
ck_b5f9dd00914b4db4,0.0064557056593375645
ck_52dec82e9cf6135a,0.016738788564249964
ck_95e444a01e2ab4a5,0.016269371830756423
ck_e37cee7b123692af,0.026689861006591313
ck_d68d42858a55adff,0.03719003581640312
ck_3abfc010091d679d,0.038166657920223446
ck_cee4e4e1b62bf82f,0.03118780105187158
ck_9ccb17c35e636c5e,0.00637965404580624
ck_f72a5a3b0d6c1177,0.001148738516023293
ck_7508aa554fae6afb,0.18835785805394306
ck_003aa842b7ca1d77,0.6085671482152134
ck_83b2b192f41ee2bc,0.20982243193334815
ck_64796b6b2c3c7f06,0.025401793659560707
ck_6438ae81d43cb196,0.023717768959010663
ck_2bd73d9098504760,0.11274372420781259
ck_aa8b9b36a099e4c8,0.020970606806268624
ck_e5ece47d0dd10526,0.012899299441349415
ck_16077ac345472e6a,0.014315725192842948
ck_a4d6e152b0076964,0.01153578202009161
ck_d90b1d03ae151f62,0.02808092114036711
ck_18b36d342b530af4,0.018870427859823076
ck_2a01e610348b84f8,0.032829035871382035
ck_0a93ed76bf36c8b6,0.022203681082402504
ck_3d56b477fe2370b6,0.1196118812956607
ck_17ab3068fa303682,0.004319151502454018
ck_592a3520d841d11b,0.017906096651347955
ck_84d07028b5fca2f6,0.02060671834356319
ck_f4a2bb10afa85743,0.004159530618994243
ck_4fe4b072f03f2c1e,0.003691118545624957
ck_9ad08fcc183ea1e7,0.003629602204758298
ck_130d3848b9dcdb05,0.006432058110537834
ck_bb399ed6bf28c230,0.040033304307743
ck_a31a64a39a2c4941,0.005330399203463067
ck_c49f25dfb39909cf,0.020147269265758393
ck_55f50a9ae2db8ff7,0.008235566013048819
ck_09faa4e771cf876b,0.013026186302631224
ck_df520a7a6e405889,0.025438649591908093
ck_8c8c98cc694ac900,0.021540916563612296
ck_7f0c4f609673ef62,0.007482870760341057
ck_f51fe59cd445d2cb,0.010457729723135668
ck_b3fb83f0d772a831,0.012873100188735765
ck_d6e7e257751c299b,0.002888487559132769
ck_0d362ddb4a1cb6d4,0.03139498903416482
ck_a574a08edaf81781,0.005428975132105837
ck_a823f5bcb0e4b9df,0.0015666439647976332
ck_f792586ad0381eac,0.030808878480625634
ck_54bfd70022c66983,0.005259824818567373
ck_fe0a9372c9372de9,0.007794466144210052
ck_5691cd6fdb6d8147,0.024146242238690357
ck_a95f212a02433d23,0.003978701398262306
ck_f5adad75e1c06731,0.0902323213020598
ck_e09c97520eb0533c,0.05971858766716704
ck_a1e13c0d58560340,0.001730082260968577
ck_cacc2ca410cbe80b,0.011136560968715705
ck_c0dde2a6ef1e08c5,0.001570330554490254
ck_a04403073c90ce38,0.0015156426229463132
ck_03d3026107175dae,0.022037945662330884
ck_50176dae5b1b716d,0.004043287018853801
ck_6c084bfcb38e96c3,0.046313552004621984
ck_36d2be9012f7909e,0.03192590127692704
ck_958acf84c6137a22,0.02148373377178757
ck_114722e12db90a73,0.06042569320298102
ck_203c2a22c0c165ac,0.022196101243551928
ck_2c44ca550e5cfa82,0.02926849205799488
ck_df0a8f20ab8f14f4,0.03243401010836903
ck_826a27ff7555192e,0.010140498000168271
ck_09a988ebcf062297,0.05544983789090033
ck_5c82444b3b9160ae,0.02201917277304468
ck_f6a4a7ed27fe76fc,0.08765614784381368
ck_17de46314b5c6a92,0.031110525210492915
ck_335e63101b1e6c4c,0.14094354156124084
ck_c5eefc0697451de9,0.03383461627841181
ck_49a0efb5d4067b6f,0.11683394531432359
ck_c1f4509c8f5dac5c,0.0058694230174153855
ck_57658eda1c59bc52,0.0024858812839654177
ck_0d5c0736ec76385a,0.0013136782734361162
ck_e0239e6ae30795a7,0.017879851333460636
ck_e4459115cd8e5e4f,0.012846356178757946
ck_bb4aec09d4968dda,0.0851469334558898
ck_a1b4c96faed3e0db,0.026132290578066868
ck_8247b79ac67aae7d,0.016950757290138042
ck_fe2fc7d6e5d83f09,0.0048740003523988894
ck_f6aea576cde8d592,0.0030451602922514868
ck_b7e7f7d0cd886412,0.040721349627890036
ck_ca7b993e8286af7f,0.005973066547115727
ck_47de038381a9cd65,0.00977365273263332
ck_d38f941d09eec820,0.03963939517775982
ck_d9ba2a6c0d926b4d,0.011399189947168816
ck_cda72f597330d0f3,0.005745990532333542
ck_16d2d27fadeeacf7,0.0075778160720256504
ck_be05447853d423a9,0.0027166598228133476
ck_cd92852d7376a4a8,0.002852910481996898
ck_2faf7ecccc9fec58,0.001467524053193971
ck_db8733fd92f20cd7,0.018213497006112914
ck_a9989a3a94c26634,0.019806405286896565
ck_957fb25437c75e41,0.04353824151849878
ck_e6a6caf6e7de17c2,0.009287585001268212
ck_f7bc569b37e8bdda,0.016543167545745082
ck_703b375dd86a6124,0.034432888205676686
ck_d3cfb3603f2c6ca3,0.05472102900222085
ck_07cb2b6f2a4303e1,0.022085681730678538
ck_31631e2028d4f855,0.03463543360327457
ck_1631bab0ba1256db,0.02327178349945292
ck_5fdafeaec036f016,0.01869002430393913
ck_6eda4c36aecad602,0.006382201391687444
ck_bd1bf9e3e29de281,0.059592991623455674
ck_bf378ea558a4125f,0.3450844717620558
ck_7aa2deeda0e57412,0.9921254959204445
ck_d229cf7f5a3f38ca,0.010697600834627416
ck_9e109edd124492a5,0.004773485481754467
ck_779491819995625d,0.07411471100301803
ck_b89c6fa2ad0a12f5,0.006687556374910791
ck_1d01b4a609918c4e,0.9322817355969593
ck_714c5d7cb17bc9f2,0.007384598383332932
ck_269f1746f2609ed4,0.007366091036866719
ck_4be03a2aa62b93c7,0.002561893605564412
ck_cf920313f6dd28fa,0.013816545369008837
ck_fb00aae4e17740c5,0.007487831031644224
ck_085d8c42739e2b10,0.9918982685078508
ck_c72a7d0d03cf3e17,0.49333708207246196
ck_8f6ca5d3b17eac6e,0.003622156036147366
ck_d9573100bbff4014,0.32877687398380473
ck_79d6793d1d0cf43c,0.0018821271689875023
ck_91fa5032f7aff0f1,0.07688435977299862
ck_87110d84872c0fed,0.01768743977091816
ck_8220da627e9992a5,0.011487676187025609
ck_2ae44938847f3852,0.013598849142708296
ck_b0f191e44f9b6f35,0.07229505099887712
ck_3049d744b527f4d0,0.015196301969173872
ck_47d3e8d1dd3fbcef,0.016260282370570804
ck_ddf787359d2b5deb,0.0026052083056922488
ck_b27a9e39726b26d9,0.0024726092994451997
ck_80c4e9274cf976b6,0.9898614400174972
ck_c6afa913168ce8fa,0.02335934151391543
ck_52427b3f8478db19,0.027059103423267228
ck_3b810f15ca0eaa55,0.00751696587405625
ck_0c9e420f97baaa06,0.7625271356712968
ck_f8540cf3a8b2f8c9,0.0697083790110708
ck_1402d24dd623df72,0.008237649051676045
ck_eb4f4267e24d042c,0.013287381264568581
ck_6f661b428d6fb8e4,0.0330638708472304
ck_519a26ecf3d29c90,0.006302324456967718
ck_e886ba71d4a6fd73,0.019951850573481072
ck_437f9ecd2016a1a8,0.005285029995989541
ck_f01af1b0c977cc06,0.00569317680412132
ck_614f777c2eb5d537,0.008529667591364297
ck_b804e784cde9af8b,0.010663400422588069
ck_c2dccbc1b24b137b,0.1177169906731451
ck_1df4a1781a0f6999,0.023690851607960486
ck_bd2cdd53fca26171,0.007252615801561838
ck_424c254249a109f0,0.02545055462471918
ck_cf2ca4f286e289ba,0.05570055065644143
ck_6c33cb15b0d8af54,0.00659587296969656
ck_311d395fa9b8550a,0.006523369423589628
ck_9f792e7e721ff7f1,0.0033695988728291463
ck_4c37586080edb7fd,0.002592527240216355
ck_7c4f42c5397113b0,0.002468547117120521
ck_fc418f53ce4aa579,0.9151942078485361
ck_1ba28fb7ef726ce2,0.013152374591351542
ck_d932f98bf6b83956,0.046008277428144645
ck_248b3659a9239240,0.0405044981035883
ck_6a92cf5f4cf5de38,0.026575570620518938
ck_65519d0fb137e0c5,0.006943773375470379
ck_ddc3fc99eaba2064,0.031247433425013054
ck_7310cda3bc65a73f,0.004763379343576705
ck_c01c85bd631d4054,0.00312678016764936
ck_b4954d16b9749829,0.0367827731092272
ck_f301f6758e170d66,0.03026188862054276
ck_9bf95f8c47e7c7b4,0.007439772406767183
ck_c91b7fccf6aeb4a5,0.020597368398103937
ck_785fa45e86bc5e95,0.011888166951791405
ck_2a65f1cc23f1180e,0.0029321826802509365
ck_a49a2c1f881a3560,0.003627850649806604
ck_def344d68f06d749,0.02145062754607295
ck_abbd1465fc730d78,0.007561636307050399
ck_07a5610ed28162fb,0.015481698117213508
ck_7ecdee2d7127be8b,0.019334274624556516
ck_67858bc00e81490d,0.001756336364778376
ck_b4ad165ace910222,0.007886465706603157
ck_30753ffe481a1b8c,0.3961448475367247
ck_c401a26725b17177,0.0017663184380190039
ck_819988d8a7f26415,0.004061309995525645
ck_3364a1d9261b3638,0.01098272217356772
ck_c484c5bda389bf20,0.0012358217109571688
ck_ae416325fef92c9d,0.8896653409979784
ck_5517b9a865960542,0.008815074108357081
ck_a0e96fed380440b2,0.016581190251571804
ck_e83409471d2b0b44,0.03789678797353778
ck_127273af97d7827d,0.007613999272036541
ck_aaa9861c91bd14dd,0.005722496605676267
ck_a378c58294001a36,0.857993411935648
ck_abb9d65ff1f95b64,0.016034543134891183
ck_a5ecbefa849ae569,0.0056616442980990415
ck_aa9953c0ca2bed7b,0.0008500019529189596
ck_40bc6de252865f32,0.0024817084360664547
ck_9fb11688dcfe1513,0.009190281711455993
ck_ba68841ca2ba073d,0.029321752260931488
ck_1d3e561a7d20be0a,0.960168651288698
ck_99a92d710a29c1d0,0.008206751686399082
ck_ede2e887697ffac0,0.002902367732554516
ck_e6de67c0d82a7b83,0.014373098351554993
ck_6b38763bf5ddbcef,0.009066586823386617
ck_8dd44eead7d765a5,0.015887907920880934
ck_30bf5b0056eea9e9,0.1268806497147722
ck_2981d16f8a51a8ed,0.02974896454882871
ck_fc60f42c68c7024f,0.05664154346451988
ck_8e2b2251ee224aa4,0.014118460684583414
ck_1906f0dfaf6e9bad,0.6013852459113975
ck_dcbe6814fc4ca0b4,0.0623297120643688
ck_f7e958a286ae3b57,0.014076937025777357
ck_713649668a7ca824,0.015000979379870265
ck_6f73cdbf9305e2ea,0.012487384691243384
ck_dd1c490050cd9051,0.0404661925154137
ck_e30db36e376606f7,0.30649491152726877
ck_740d8fe8028b5a2e,0.008701430574776391
ck_ebbc9418cd41f692,0.002632202654894884
ck_7b3cc6cc3f250f39,0.014510776316612968
ck_1d30eef7110809e5,0.2771997773806367
ck_77e0589ab339ca66,0.004297565646744156
ck_15ccbf8ff7d14086,0.007710323129048691
ck_246989b0c288664f,0.03625621874105464
ck_fc2a6e27b10b10e9,0.002253771681557273
ck_8afc1112c12f5402,0.009565821455441865
ck_a76e8d83b9141364,0.027132347959151513
ck_51d3e8dd7465c015,0.009507396846560389
ck_e7b4016909405981,0.002283379917252041
ck_e7a3cfb9bf908e80,0.017722004193580464
ck_2bb49dc2388cdc1e,0.0036915246090395305
ck_94f4266ee7871345,0.005199613014216925
ck_b2c896beec146477,0.04458881597555717
ck_fcf5d4a4748cdd53,0.005639053683334729
ck_fd0483639811f62e,0.10445186063230459
ck_9a21d183524734aa,0.072365108213693
ck_1df4b46c0a4c317d,0.026411192865433322
ck_638df9e8a22dfe0b,0.013813017404507261
ck_65acc43a6dc3e65d,0.01656896183768909
ck_7c67b73196e3d0d9,0.008673726501854537
ck_b0ee3a98175b462d,0.004759265196525881
ck_20fad010969f1abf,0.002209467342111249
ck_54b087bd873af8b8,0.008277434538123725
ck_8007824431fa803b,0.004988414583689757
ck_23aab322810b9fec,0.012156533164489045
ck_c8001bdb9aafc8a6,0.01203829449737177
ck_3a34c3ac83cf84b3,0.02334099332743879
ck_60187ac2c473a662,0.9382393826871915
ck_6a0ccd7357979f0f,0.09613703471359557
ck_27f20337bef5ffe0,0.022354794976444162
ck_f9fc468915afe49c,0.051221621619426116
ck_1eabc15a94bd9009,0.015317179377505334
ck_26896c494b2768ef,0.013765820123055408
ck_348c874eaf0354f4,0.06830076492794235
ck_be9c46acd216b45d,0.029739365646290504
ck_a3cce46d15cc20a2,0.03101509892188338
ck_70804f60d9704128,0.05354893482851505
ck_a019151ca8e7527a,0.02576311725707616
ck_571133b2aa8ead51,0.04376356170980996
ck_0afa4449f20d5196,0.0040609386028959225
ck_4d503c41cf4e5034,0.01754344877451062
ck_d6fb9cc5171e3e9b,0.7510436877435623
ck_05ed92a7c3e10e5d,0.02573976455425519
ck_bfb067986660afe3,0.05085825780851692
ck_c1a31690c8573226,0.003876005391250579
ck_cb88ef3dc1f42225,0.006652222642860769
ck_21e3b3bd998745e5,0.02591531267355582
ck_cf52e46fa54e4540,0.003933461951629041
ck_b72c7ac4208052ab,0.013619902195367892
ck_e6465c56b337e6c2,0.008773474852373349
ck_5f87eb05d18186c0,0.006995423416388419
ck_263f6c5ff26b5e98,0.011287982126906272
ck_e0b7e2c0bbe228d9,0.0032351297695830763
ck_b657ae3c146cb7bd,0.00284590239162936
ck_abac514d8167ea58,0.03793894573046703
ck_024dcab126876002,0.015129976759913295
ck_5d8481e2b38bd99d,0.013429348046978113
ck_edf229c17d25dac1,0.17633275126675757
ck_6cb7c97b72d6b5d3,0.02605927794347317
ck_c96ae2c28086a059,0.008459615568175373
ck_2f241b97c0f8389e,0.020841364669340712
ck_9158bdbb63ee8987,0.007913681816564199
ck_e7b40b60786c1530,0.008417659824857253
ck_66d38518f68e6194,0.00186012558381397
ck_8c9b57ad2a991416,0.01834378471330825
ck_cc91bd7152d3e9ba,0.018865641009174063
ck_0d846660c7957a88,0.00831786003414266
ck_60896cdac2212bea,0.06442072142063063
ck_dc4db8b932df49de,0.08151308824317394
ck_2dc31db181150e20,0.0034449142009630325
ck_2f138fce1171e277,0.03625322223254957
ck_68b8b859a6ef505b,0.01969501324790436
ck_c3fe0c6c5e1f40f6,0.012127199656884444
ck_15886fe84866de92,0.03704298302888726
ck_ea269b35406473e8,0.006114016431697659
ck_3ce7cad1f69b71d6,0.01337803663399642
ck_054ed4288ee58d6e,0.06248893502989829
ck_3d4913a86f207fee,0.036705141128654306
ck_23ff85f9d2355e8d,0.019420271149915912
ck_d87ab3261322216a,0.0013540114336517378
ck_fac046ce336fe39d,0.03724920386706243
ck_beb97e498e6cf8e8,0.037911559904232145
ck_1f517e0ebf397b51,0.016942336231926668
ck_0af57ebaa45877a1,0.005189122652066405
ck_f99bc1732ce5e999,0.020145136268843546
ck_abb056a9deab275a,0.01709764629920152
ck_0bfc394c5faa65cb,0.007927659914630188
ck_ddc865af1dd5670e,0.016940425708977004
ck_68b5542459638b56,0.046173723428872396
ck_0b1d84252c0b46c2,0.006316346109867515
ck_520ec32c4f253604,0.01327586036285257
ck_79ffcfee599d77c7,0.01546719018901609
ck_eb224c0fd146253f,0.02839400833486344
ck_0e477084434da450,0.01900798171071489
ck_07840bba5570785b,0.032522103088947665
ck_6b67fe8e310ab865,0.019448724681806168
ck_e2a1068c2fa22525,0.04122595915233688
ck_b9c6b32f6bd92a3c,0.004026882562976643
ck_c1e7d1021ae58f00,0.0024762435902605977
ck_5d7801201749ffde,0.01616683229412449
ck_c8806749e263f70b,0.002035415579500749
ck_c9eeab826781dc91,0.016140748126109248
ck_309a432c160a17b3,0.007231934724652745
ck_b22e3337b8e3dbb2,0.007152289975121595
ck_79c30169c71b8033,0.9058777839434271
ck_5a6593d954085775,0.008738646638000272
ck_70b9b79ea1aacba8,0.03140281215371799
ck_63743141ffa11f45,0.016489856834211652
ck_dfd3dbd0d97a642b,0.015382764099827511
ck_635646a661f05b4a,0.016004592282719977
ck_4b123d6931b6d0d7,0.07370000058888372
ck_f2b0e7a47f442557,0.7519648793563858
ck_1b1df006b81d38ba,0.011052092145055967
ck_360237c1bd30f4bd,0.010377779819655689
ck_5e84bca0e362da20,0.021128618020999447
ck_142dba210ed2f3b5,0.10972648218664058
ck_a3564236069e3524,0.08663745579320062
ck_cf36d8b070ded782,0.015917515659510304
ck_ddd6625c5eddad70,0.0023819246796258947
ck_ad54292a0b2f44ef,0.00992273745227594
ck_45cd5ef6b359e9b4,0.009526574619347455
ck_982c2392238b7be3,0.5705493646202082
ck_083e4ac78685c3bb,0.03567726247713699
ck_729cc0b46cc2e546,0.14459106028791557
ck_f2b8995fe5402759,0.004773595520231772
ck_73e24f5a8da289b3,0.03877883579244772
ck_bd85f30c36f5998d,0.07593069257682959
ck_ee4ff3aeadf912c1,0.008381254612707391
ck_63d2978706e193d2,0.011766638910546131
ck_6a0684436a1e66c3,0.4372350114652489
ck_182dc4a2f5a366da,0.0028644165344228704
ck_e6fecb82fc2a82de,0.007353390533748157
ck_cfb06f07394dfe64,0.0019077625627919267
ck_7bbe1dc8add17ef0,0.012018032560626737
ck_5cacad76e02c8e3d,0.792504719475711
ck_ca68dec0c7df5a12,0.006209969375318474
ck_e4c0fc52c82065d3,0.009532279545920062
ck_f9197b070416f443,0.00793450225483382
ck_2a07c7021b71cf65,0.033026796430393135
ck_4fa85cebf707de2c,0.002194068872574374
ck_0063d2a9507467e5,0.0043730829725899065
ck_ec986285fff05b7d,0.003492401757002061
ck_279d43303708109b,0.008933873515902056
ck_a406bf11e48cf8c5,0.04391959549168456
ck_064b2aa3f0bfdb6e,0.00916973753193465
ck_95790440bc4bd2d0,0.009428214998899162
ck_70066eea13b4c34f,0.010175074682711617
ck_19468fe07e26f992,0.8840590947407851
ck_86bfe328e0a533b9,0.743714262232531
ck_ace3b96c977a7560,0.15417228345399736
ck_642344e5c652d8df,0.03185719323415561
ck_074be35c951ae10a,0.025493319983574625
ck_f14dce41036486a3,0.9842200377210901
ck_5cf67a3a747e684d,0.062278025648408716
ck_f7285b92648c1c81,0.003185621193832674
ck_bef3193f124fca5c,0.12602720437493423
ck_05c4dcbb45de1f8d,0.007830519655007029
ck_d7c28eaa05bb7144,0.01573018756743193
ck_320df984791a1b99,0.005513608364071157
ck_f45bad1606fa00a7,0.015122393339717596
ck_6f81c199e986d9fc,0.012231025637477798
ck_d0c9633fed57c344,0.04591002826305054
ck_a3c25d6cc7478068,0.007796698643911035
ck_4185506d12cf9fa0,0.002160963312549083
ck_7a02ee1bfba7353b,0.013765363266885305
ck_1b52590757c0fbeb,0.010791723837203846
ck_a0e5656e1cf9cbf5,0.004841230794927124
ck_ace21f6daef94f6e,0.008418496977605931
ck_646d8d0834782d6a,0.1758457934746469
ck_1f136a4476b5e775,0.019544322478021507
ck_325c7643cce02da3,0.04361526697435898
ck_9b5e7fe28208f5d1,0.004934109589671408
ck_05d81b1a150f31c5,0.004615752061741984
ck_0e9ec486bff403c5,0.008366358108505653
ck_ee13c091bc379188,0.02375661445151562
ck_f7a7f8f5903617c5,0.019993645936112157
ck_96c3a3517153390e,0.016527132175484356
ck_538dad7f096458ad,0.004461267815235847
ck_8758fc6622bbb7df,0.017611298215968168
ck_f7e53af3c91fec64,0.025428451513625164
ck_80b50fad7f255e1d,0.007099630188621508
ck_9645e7adc08631b5,0.01813598523730041
ck_e007aedbf37d6ec7,0.010824876826858967
ck_2951d76c41de2569,0.03348385084708068
ck_9439bff87e616d4a,0.014028588044086928
ck_a73045e96af0e4fe,0.01878761210534811
ck_7b382e533e2e925a,0.01670800850154391
ck_730226c2d216cacc,0.00666371787307842
ck_bdf837d761a7cec2,0.3823073403274867
ck_0b34197335ba3341,0.006609275012172732
ck_49170c4b31a20f5c,0.0025231777908965433
ck_cd553ba6589d8bfd,0.009796155920077826
ck_56b992c6f136fa5e,0.03781248443981541
ck_8beae3d7328fa41a,0.030500168562789007
ck_1a065ea906ae3d6a,0.013538603983400935
ck_e9e3381d5e0e5051,0.0027221631216785428
ck_a6d4f998dadc90c2,0.08909549132327864
ck_d36733da917115a6,0.02552573803201736
ck_e738e920bbd74a7d,0.02955565258564133
ck_af65eb885a51048d,0.0025818705724566025
ck_73f4eb09af29b1c0,0.028889957975486383
ck_8fc641b1750a2542,0.039779213996742446
ck_41b954c7a948c060,0.0058128312727815995
ck_25fc3010e8a0f6d7,0.009579397608811607
ck_a2624e0387974e0e,0.03652856309596956
ck_5cb9d7b2329d5ab6,0.03341703130480631
ck_6c83aa1d100a7cd8,0.031600637106801464
ck_67025c64588abd1e,0.0037131304648004206
ck_f5dde68f6f0468e1,0.0023415181045710535
ck_46bfb2cfc29a6d2e,0.013399041684479845
ck_49dddb894d33f6db,0.03562012351190091
ck_f738b633b8862d18,0.0016943570584489612
ck_3d6c3c00d854f5a4,0.08718059677312862
ck_cdb8061d8d1a6c5f,0.016621323963210914
ck_5e1b81848718bdc3,0.022313337087934405
ck_8def763034187436,0.022393331122111275
ck_8f8e4fb9c6190272,0.016380147658491565
ck_368b968b5f33431e,0.0048262280101424625
ck_ba7e347251ea399b,0.03169518726948631
ck_9075432001a64e75,0.010895742995028074
ck_73c5371635aca173,0.7831641148882273
ck_81793387b38047cc,0.003027223232762203
ck_0cf220816e320ac5,0.005445524560636838
ck_820219bb9c761b52,0.29770385288695844
ck_70a932ab39d86a24,0.002291513543580934
ck_2c4be237a7ed79c7,0.004473448725169627
ck_acc764b49ef02826,0.24354386932893118
ck_74c3c3452e4e7cce,0.004747577295974525
ck_34dfb57e5bf31d2f,0.025641893644479052
ck_6ec39903f765956d,0.040213722476185404
ck_5986119e7d81e831,0.03784331138796134
ck_2ddfc948b8eac752,0.40954390482066194
ck_921ff5ceaf40a968,0.04720284432337936
ck_fb3b68b4424b5f92,0.055940736070113066
ck_c3db1b3ad4f16679,0.0076601226050888455
ck_124a197be41687f5,0.02686809744188915
ck_c58d9151834f5bad,0.020963922614753112
ck_389607982eb6b701,0.31427950209232725
ck_fb0c138c003e933a,0.002153217783453694
ck_50d0bb7edd8c69c0,0.045126693947769705
ck_c6cb651149dc9a8a,0.005196648448750737
ck_81e21354e477eceb,0.04739965369724579
ck_7696e38b3e4197b0,0.02423384722180226
ck_586001d3ed9e7fbc,0.0012523621100986467
ck_bba413492dc46f2a,0.024141736066289388
ck_95b894380ad2702a,0.025120134649411048
ck_277621473369614f,0.9912783303004487
ck_a50621b5eeca84b4,0.0016239915803483154
ck_bfa7ba218b988cde,0.026828132379703797
ck_5ea89567dfe78e4b,0.02331084294275452
ck_6c679602a6476ab2,0.010427244652218646
ck_d3885e286b3b11d2,0.021404946363901636
ck_cdcf6671b37c9c92,0.02021174000135559
ck_b5c93e6d34f8d366,0.0026051961974688227
ck_c24f61925dc158d5,0.11532168174048164
ck_cd09375e6c81d2c4,0.02150950549399393
ck_a95afc7a00303a26,0.037037340174758834
ck_8e89ca8b39f3f8ad,0.0024081077841936454
ck_9a84b396aada3fa8,0.040201314548092414
ck_5124a2e415384945,0.12022365122041212
ck_d66bb1f063357f99,0.006986703695055522
ck_0fd9312411b0ac55,0.01728651463507365
ck_ad8cbe6e27e47ede,0.021482069326179784
ck_8398adeaf41f9cae,0.022588544866409363
ck_dcf851e7bb5855d0,0.004194025201280093
ck_9affb0f26776b642,0.003957359862842953
ck_f0424b3b36bdbef0,0.0751220061533381
ck_66746d1090d6d9e9,0.0036367252016338792
ck_e5f8c8a5824db594,0.008922909427510145
ck_3e91dcc209431984,0.03488400384643263
ck_126a82e8d42e5ce6,0.004692331805412026
ck_38e4a74ab256e2eb,0.015476806815332549
ck_1225a97fc413a419,0.022943499647840808
ck_9b5ec0f78e160e65,0.003858070240522526
ck_7c5529bcc079600b,0.03199910557278841
ck_29640fc2fe81c251,0.0184066980687075
ck_160e9ba0a3f7c1fd,0.011472614461623586
ck_bff090cb4ab76b9f,0.013288916093771908
ck_aa06ed358e43db69,0.09560922287659789
ck_7264486eb512d84a,0.007519923337786597
ck_f5a32e6160b28379,0.006677277929466516
ck_4ba8bec14c2217e1,0.011794534984806435
ck_610815786d729d2f,0.06436846787935957
ck_e267999226b6321b,0.0024312620918116945
ck_f3996a3c8eea1ea0,0.01675875282096518
ck_e9b75ed7567a3f23,0.02138109056823124
ck_d21612d48bb4f7b8,0.012767453508055892
ck_1f871df76c6a995b,0.08611950649346312
ck_953bd5de48ccd70f,0.7113240378809667
ck_02a9104419a6dbaf,0.028296986885365742
ck_1eeeee651e05d535,0.07369722081291928
ck_e2ab04136a442a98,0.011489259827085254
ck_f0d806624ef3d359,0.009960787770520712
ck_4b68b38c1b3326a3,0.004527949003209168
ck_74e60495f8861156,0.024697932967497595
ck_398f3f4cf05c721b,0.01511941972158524
ck_f761b7650a0c1a85,0.024246649181866142
ck_7dadef33f5e2d94f,0.9722276681960729
ck_6ff6883633b8c7ba,0.0021334140525214257
ck_4d2159603045109e,0.017846756859804833
ck_a38bd07a5fac5c9a,0.004647128303407625
ck_f517f06551e69507,0.01862911197042906
ck_a7ea00a1760ad561,0.9776720075329308
ck_31fc51d5a3dfe16a,0.016651122069175784
ck_bac5233623b25ca4,0.011274660788359077
ck_385188ab27784fe3,0.06557213440909333
ck_9947a323bab5cacd,0.07739587100717601
ck_7973edc9f22ee7b6,0.02573005080427946
ck_f97c477986043755,0.0030709380074969276
ck_1a3fd2cc4b4de196,0.004853648823279529
ck_e18ac29ea62cb435,0.04636200762956352
ck_9720a472a3e0140c,0.005763320947391492
ck_668c7fc7d7e47c0e,0.03419037373332298
ck_214af0806470ef48,0.019133602331966867
ck_a46c1773f01f0be7,0.03789456957313794
ck_f2bdcfb4203ffdee,0.02444206237335752
ck_40e84e6ffe788a4c,0.024603907748108986
ck_dfc6f5712d8d6678,0.10948845746155816
ck_01ef1036b2e66a4b,0.003912276056636157
ck_3acfec10eec32f9c,0.02263871325649177
ck_084a85145c15ed77,0.061096893676064565
ck_fcdb4fe2f095fba1,0.04735425174731921
ck_023908db0a193076,0.152619115812967
ck_fec0ff92fd622253,0.014051714387404345
ck_c009c97d5fafbced,0.09369229226887998
ck_eb9f0c06ee017ee5,0.009407020033372725
ck_d7792b429620fc24,0.005853358589620713
ck_5e9e149a3b69c726,0.03466640872500107
ck_ce927322ef8f651c,0.009587457125659655
ck_b8fd61a8e82bce32,0.9632018330730282
ck_9aafc33fba1474cb,0.006010730253411157
ck_ce81ff9b8b35562f,0.023392188467620485
ck_25bfca1d8eaa152d,0.009552806323393115
ck_170c65860e2a7e23,0.01850548976461472
ck_952da7ca9f33decb,0.010930724319183061
ck_1ebd574406235957,0.01845671467170233
ck_589109a188adc2c1,0.005186849573574091
ck_f0cbd5383bb07778,0.02898085655198501
ck_242521e261148fba,0.006094283205859903
ck_509cece86a558de4,0.008134764202586586
ck_0dd7c5925d28755c,0.0034459646000559426
ck_a7e669cf1c3985aa,0.019891834629933876
ck_acb84dc2351eeb76,0.003275686326898781
ck_b837c7dac2a9b931,0.019644078284572333
ck_18eb1f9181f95df4,0.007650379555857234
ck_b0b9047dddb1ec84,0.21505439201356252
ck_43aa136bdb0a2832,0.37956691986867347
ck_3e47f8c56c811700,0.11574721751762479
ck_77c587d24695ea15,0.017474957908453645
ck_20578ac693ea4e93,0.014901149416903707
ck_b9f6040eebd1605f,0.03924781300401266
ck_ca9d86f65cfdf018,0.015907568212978722
ck_a4fa8833995c716a,0.006818077629492372
ck_f589f1e29301b5fd,0.011724686153329052
ck_961ddb8ff55d868e,0.0032713810230928105
ck_5662492a54e6688b,0.06160862586419002
ck_ad48826c1c26eb78,0.4262207320315493
ck_621c9ddde6bf2eca,0.035306555579935034
ck_417a3500b2c717b3,0.04637243400762584
ck_c7e129058beb3ac1,0.020227315862921216
ck_ec1c902b9b9b9c5f,0.11981682751219888
ck_317360ec0a67d27e,0.06652599183500833
ck_3e3ea5d8c4a229dc,0.029789367751228223
ck_d11d27de7bf0b973,0.17989073343839318
ck_d37d56e931105db0,0.007055065080495592
ck_4863077723cd6ce1,0.0023854179675504624
ck_479a065d5903e9c3,0.011590370517874931
ck_e66ae4fd586fedea,0.0039853282526530615
ck_192bbfd0d5720134,0.027212462108106253
ck_3b436cb29af99f3d,0.01873885168834881
ck_7c7ca54969eed187,0.023834325028632065
ck_826ee896c9f1144d,0.10883393357393983
ck_ba1f6dd43fc8a0b1,0.010881706623335825
ck_49685deb63e4e8f8,0.008837005849344621
ck_687ab5d5554bfa79,0.018001433477953372
ck_41346ccd9242cc8f,0.004554913435580697
ck_8f8e5e2b9dfec3d1,0.03975985915654777
ck_94d5ce61a0c50465,0.020208655743816667
ck_6b954c75aad8c012,0.03680487748698952
ck_748af92828c9d288,0.007755077343232447
ck_dddd14091ce812c2,0.018006270206097328
ck_723323f6870fab59,0.015638399576317904
ck_dbdf8d0708cc6718,0.008950051402692881
ck_f04938570a154de3,0.008768202141215431
ck_58afa1550b3b5294,0.0174533753744765
ck_3b150afde386ecff,0.024967763564110162
ck_666b95e75d99ec4e,0.8765419817876227
ck_e00332597cf1eb24,0.01995726270759916
ck_9a9e3dac79280d7f,0.06157510830573088
ck_e8d37262e859d9a1,0.02017365553282319
ck_895bb39d24bc1c4c,0.0015684175184057466
ck_b367449195e36499,0.016217064938077022
ck_d23f9a50d1135ce1,0.12646722664460774
ck_670dc4910cf476c2,0.0022414396130162363
ck_3ecd8a5ce65e21ca,0.010809674791316913
ck_8584fea2df4c6317,0.01682030309151385
ck_0789ff4562202b20,0.025549351827288718
ck_749e0e50c3907be8,0.006183735390090447
ck_c3ff6790cc6d7e34,0.0030933680905998917
ck_75fb7e56432ee4b2,0.004820950747391216
ck_529fc3170fd11abd,0.07046540275676502
ck_34a69b3b4a681796,0.15396252259282658
ck_255f0e5888ae9e23,0.041859922070632404
ck_65be698386474170,0.0021258877440098376
ck_5eec9ed855c26000,0.006712423782557984
ck_5ab39bdc9610f6f3,0.23603013456419347
ck_1b5b75762f033462,0.013805090991760853
ck_d3e208671cf37f91,0.8411402574656741
ck_5068ee554ceff971,0.054082354433255306
ck_d7d50fb57fcb2d0e,0.0036074059755355227
ck_ba6e1115fceaa067,0.049203911733176134
ck_d07bfb16a4a7dac0,0.7828928338346337
ck_ead68310311690c8,0.36230525888506754
ck_ee53ce862bc9c111,0.01115050535133251
ck_97e56e6037024dff,0.0012531458010259975
ck_80b04344c98ec072,0.046936772516299984
ck_5954f45a2ab45f43,0.020398592175526985
ck_18ddf7e836256e3b,0.012472050197355542
ck_89a1a780144d808b,0.022764914471121202
ck_a7331e8b808c39aa,0.0724886708344437
ck_a1fd0ad03ff9b776,0.01815036245695078
ck_c0cf50eef030b401,0.001725975219643021
ck_074f20921189e7d6,0.0061622210740901445
ck_e2aa7be60794593d,0.1861066317378194
ck_72771757dfb7f7a8,0.028753046361012995
ck_a9cd84a6dddfe584,0.01977558048411772
ck_142c00f9f8557504,0.02047796462999348
ck_221b5d40358230f4,0.019751567866928717
ck_a2d7a563f520b7ea,0.011174857339257452
ck_66cd34bc568d95e0,0.018357617177744447
ck_a17128972d3e507d,0.009068559207962127
ck_bda299466bb2136e,0.020952922114017808
ck_2b699066665abe8a,0.02535389689113277
ck_0ac9848bd4ba0c14,0.001461827634767882
ck_98d2f9a6ba3a3077,0.8243011736903622
ck_a872df31b28a5f7f,0.1415357716864959
ck_7e73e1d44ce82ed9,0.010529011438117441
ck_1a415416f620d49d,0.005038794177979914
ck_c95c786d2f8b8edc,0.012185272478999948
ck_e45012f22b7f91d5,0.001625817990008086
ck_aa0b083e2a6813eb,0.04748151479456985
ck_4666232ddbf77756,0.004153003166058546
ck_e08e9c8ec5f23d8b,0.027537500950224274
ck_31d4c0518e5f52c6,0.005636399061900953
ck_c1ab40638f04cb02,0.022597847393474466
ck_4c1fdd1669c7cf51,0.005935282912319583
ck_11662cc7940ffc82,0.043517610662981376
ck_2e679af24adedac8,0.015777891878897173
ck_454b9e21b7f25a4c,0.004068179792764138
ck_355c4f29089731e8,0.6980127433344846
ck_507e40760a24d2d5,0.0297723170840832
ck_0943e0f305078e34,0.9795747364208396
ck_abc54ed7111e9ed1,0.0037763136377194557
ck_a60fe02fc04407a9,0.1060756402847589
ck_244b897bb4d57c1f,0.0069121001149672935
ck_8c84fcde93a04334,0.1271118508289336
ck_9eea37d2de633b27,0.0053297161162869705
ck_b2cb9e6610eca967,0.011840731513635109
ck_09aadb4c41b166f1,0.12421945649507822
ck_8d94fbb4828ef326,0.004886473021764566
ck_089e3a07abbe3b8f,0.0039107307794609015
ck_dfee9de05e3971cf,0.004927448766203008
ck_6abf8302ce052451,0.04291653571940639
ck_6ffa90143838a4a2,0.004154360490065922
ck_325caeab5c7a9c3a,0.006889959100043072
ck_1964ee9db929a173,0.8118603022688816
ck_942b95988a6245a6,0.0930783705429696
ck_913ecdeeb8e21a9c,0.011496024656904356
ck_ecf9794349eb4b3b,0.039628619921995775
ck_b6cb8d6ae828eed1,0.019145585736914
ck_2f82ea66c4f53b33,0.07047668486710815
ck_6e676daa4855b58f,0.07210032773204177
ck_2a37fef48b44e9c8,0.01878519682532939
ck_3bd12d468fdc2450,0.00881480573097962
ck_1a28b6a40a6bd3b4,0.09618778720318305
ck_61b79dec96d15713,0.008035179462502135
ck_31d5e3daced93d3c,0.026019562307649777
ck_e6c8611c0cf233d7,0.013197825499460199
ck_f04761b4a937ac3b,0.015176027834340801
ck_38c1c75cf055031b,0.033021694853441586
ck_59a561f3df01441a,0.019666710536366074
ck_04e40f556a5062ef,0.005184732877924387
ck_8409716d174635b6,0.007568717878314979
ck_3019afee83342701,0.05530378847398408
ck_b51a58e7f032c9a8,0.053698922098066815
ck_5043e474f848346d,0.023670088795993822
ck_4388abce33ecd01b,0.14906477108769733
ck_c93def7392f0aff5,0.07239642932808996
ck_72e7b1acc19df820,0.01078338644117416
ck_f253130dc3ca5b3c,0.0061753817723723
ck_eb264d1b180d4b4c,0.08531643463923062
ck_c2504f5a113433ee,0.002978343496651506
ck_c16ab1e4dafb4910,0.15731769084757832
ck_4bc42878fa180991,0.05177328835277851
ck_1c771a7c78f6622c,0.04979798861783403
ck_d523f0e50a2747ad,0.0038868280228641717
ck_9060f4e7ab7a1b0c,0.018807186737550427
ck_6b55ec4e87a5e22c,0.052951743439885346
ck_55fc62a5f89a7251,0.010750514606632587
ck_bd2545c62f258231,0.026704631373594336
ck_1ccdc69d0bb712b4,0.03514756611471687
ck_710f867a3bd5898c,0.007362028095634857
ck_f91d48c40337d375,0.1092173010463084
ck_f76d929541ed41dd,0.02563943128701106
ck_e26a6659c237b650,0.016727168068916942
ck_184983177b73dea5,0.028377680052951708
ck_6d0d081bfa8a0022,0.05008438141622819
ck_2f6e64f638da0f97,0.005848787265578076
ck_15b93103ccd38609,0.01129454762848017
ck_094d10439b7b4eac,0.010804374284473256
ck_d2ca47180a926ba2,0.006766483697102404
ck_a69ca7b9d70972bb,0.0034679716245091573
ck_68914e67343a7d32,0.006460339524484115
ck_8176616132458c0f,0.007431714151188094
ck_eee99af3598311b8,0.059946770568848215
ck_94410eedfca91304,0.03996330009788451
ck_cfb11a0a2325bff5,0.00617334596206927
ck_75217ee144b715f8,0.060835266894224
ck_d56fc799542299b8,0.0019103870051956986
ck_4c352dd3e7c81269,0.04005877034293001
ck_e23e50e02cb3904d,0.054334481479128796
ck_b921af37d500e139,0.009820702617705186
ck_82181b935360dcbc,0.933045063100397
ck_22a7cf3b99c5e5fd,0.010898166399342218
ck_f67ee7910d532216,0.014231711293968196
ck_5f48762a14a0326f,0.004209242717911864
ck_1757fcb0e6e3f88e,0.12535455129495643
ck_2c2f080ba185016e,0.03739924233788618
ck_4c25570eb72711b8,0.004201924190103467
ck_a3be871ca22ac416,0.015104653254213243
ck_ab70961e7c6695b2,0.009927155344518362
ck_a1cdebfc42a52448,0.005819947603171788
ck_f1b80b821a20186d,0.01702500392233502
ck_ae668e4564cd2aa1,0.005219930746000542
ck_0e2bc3a5afa439d8,0.0326881859004894
ck_3dc378f37d0b74b8,0.014841755592379345
ck_9f9555197480d1cd,0.011384663667463888
ck_bf4e7d48770a4a8b,0.08342211299207218
ck_614ef655f0685060,0.00901669750721216
ck_04d2ea38ee27770f,0.00170430685916347
ck_e03a9d8ac94161d5,0.0035896091638994935
ck_d4007b5b26d9d854,0.0019941769719260412
ck_2dd147ce6d61749f,0.029225538780400864
ck_ff45764ea7d6619f,0.02990249704387099
ck_dbc487cb0a6c18da,0.7235400555533646
ck_791d5392bbd80447,0.01692985088481451
ck_b4068439c413b150,0.02537727439916811
ck_85df7b7de9700aba,0.004303888807710982
ck_001e42551cd06e40,0.008692946687176389
ck_a6c02ae50932cd9d,0.009741057927936378
ck_9fd0be2c018ff5e4,0.010626836291378415
ck_32a495128395fde5,0.016853883509493687
ck_b6f2a2fd232c141b,0.017166295933130078
ck_28dde633692904b0,0.08749630889738044
ck_a1a93c5f375f6021,0.003278465812254175
ck_e3982142336782df,0.019104694388177357
ck_a9812ff3c111ea94,0.02404097155160665
ck_f04062216f95fa00,0.01972207329336677
ck_7c560467daca735f,0.0010854860986380822
ck_76ee10d6e2dba70f,0.09916590273853888
ck_3521243bdac61178,0.018399558358727565
ck_28588fb03b320520,0.03206818187230451
ck_580dcec33ec232b8,0.0267708916869116
ck_7109923fd7dab20a,0.010790436159519044
ck_7c872c99481c1e9e,0.009218638329352248
ck_46f4e1f5026f4d1b,0.0006767080680749606
ck_00d1ebc31ec4653c,0.03885237544667369
ck_aac70764dde15168,0.050868169910674485
ck_648c03f9aa4e45f1,0.017717438308737773
ck_5478eb69ef912785,0.12117008439491234
ck_79b8523137bb2603,0.03333493385843717
ck_795c49f312640019,0.001405263582580518
ck_89184bf7b7fe41cd,0.32484634371135723
ck_97d4bd922996fa10,0.05354447915924398
ck_1cef30d08f3a598d,0.0068684407436918225
ck_2f9fd36a4a40a6a8,0.001637986409779971
ck_40780fc0f8d6f309,0.022472435282915437
ck_9083ca9fec2a7f4c,0.010796881340800774
ck_62081bc35aa59931,0.022631991997887253
ck_2e1b46c5fc56b863,0.1295371650514719
ck_3d139692c51b604a,0.03899549655979617
ck_b5e54e22e3d6960a,0.008156622505811973
ck_c0c4be3f44311b04,0.006996269944454037
ck_82a8bdd2692c2a5e,0.01881314398065354
ck_bdd2da300b530c5a,0.013751240953782658
ck_ee40498cd97183d3,0.011294892190540709
ck_70b9274473bd6dfe,0.0028145957016052024
ck_473d6314ea614b29,0.007542955159378461
ck_7443d6dca8cd1352,0.003965629535760719
ck_3b49768b448b071e,0.015285699748734326
ck_b43f04431c267dea,0.002830938126957474
ck_4424a5223ba2fe00,0.012308965868985049
ck_819bf3e8231f4081,0.018684684718339627
ck_91d417507a8c58cb,0.10840259422003747
ck_e88e86b19cada4aa,0.017985749699913747
ck_59684167f9c6bf4c,0.05840805116775038
ck_d5f5b0dc97b9dc27,0.015290635655151496
ck_13d1b192bbff8f32,0.011711085890637619
ck_b21d8630387cabce,0.006503918577891548
ck_e4ac22046699b99f,0.008386141366126088
ck_74b848064f2ff45d,0.004384512447506734
ck_166aa980cc87fa77,0.09424333300054813
ck_98e337806104dd88,0.003592894702085821
ck_66eb09be007f0755,0.018043771918064746
ck_3ec9b9d8dd7be11c,0.014666112496926896
ck_8b8b9de339d75d0b,0.02476977857470087
ck_6715139e240007d9,0.007155647895051605
ck_a0255ab46e122d2f,0.0029110474067160436
ck_66e81a4190c33510,0.019374067636003904
ck_5d75ea4f5c9080bc,0.3929740145644898
ck_df69858b8a8b3165,0.007683789980506268
ck_e15252ebd7553422,0.007950034841301806
ck_34d6d74bb3ed11e5,0.007727768895358918
ck_c2608f78f6851d10,0.048268720909159436
ck_bb99071e8f58c8a4,0.10790910420476804
ck_06010f0df5b7cef8,0.018880431778010083
ck_8c582eb0f6c0148c,0.006418426163852919
ck_0034d010d28aea78,0.011194506236891902
ck_01c1f06692566ca1,0.016287467239816934
ck_4807726e797fb893,0.016031759887212095
ck_edc9668282e3c8cb,0.02127031673802932
ck_5486768475af7bb5,0.8082676933954107
ck_3fb9813849e51837,0.023772806572099875
ck_861af5a9a9a6d619,0.007615135978318994
ck_da39653add0f1109,0.0031598612906978364
ck_74a4244eb1f162e4,0.0018901613938638586
ck_9a930faade55b8ea,0.004280849260066093
ck_fb6e06ca88519dcd,0.015927281638543542
ck_9776cd8263a9f415,0.0198882618708592
ck_b3dd1198ac5aea73,0.03142107716761425
ck_b6675a04df1a4276,0.006669029343563257
ck_5c7ad6e731b69333,0.20214555525304678
ck_28dc0fdbaec00580,0.07656472550205819
ck_8e7a32f7e3905f4e,0.01968379252888158
ck_8563fed6674afc77,0.014570717211460006
ck_9a2fcccb82da663e,0.023167251714109063
ck_6a519bdac0d94527,0.0013371315751668027
ck_a0dab7aa9c4a39a9,0.0054658049655037936
ck_a3ce05e9e5e32142,0.014199441195550791
ck_7a7e40ee3f97c035,0.024883834781972636
ck_9e9a830785112a73,0.026139719789551777
ck_ab1bb02f6b189304,0.13778618694354453
ck_7b8cb0f90fbdc8c6,0.007290685939659983
ck_b138fc249e659e60,0.01027230634797201
ck_e73caa3771ec5e0f,0.0058178536427142685
ck_18a55b06ccccd88b,0.025335680052383472
ck_fdcb1d9265d8fec1,0.03795181953839472
ck_e21a900556b382ad,0.019987474522121178
ck_c6bf67470f526771,0.010202080068337846
ck_b568ba3837afb39a,0.0018008324028603443
ck_a2858979dd5645ef,0.0010109731580504927
ck_1da9d40837ebaa57,0.03426107294867048
ck_9341c7959543c542,0.00291154550031351
ck_c8ad86806b9a2369,0.04595701493847419
ck_5c85d93ecfed4b0e,0.027449735988738247
ck_f07b09879d697b82,0.013082381929610108
ck_fe43da07608b1749,0.017665917902158004
ck_4bca22b5926b9c28,0.005861379512728671
ck_aba573aa942b1d41,0.010913120547280908
ck_57c14e32fa4683bf,0.004675805557054489
ck_891530b489ce402b,0.004763010386979888
ck_5e74fdadb93ff293,0.022222537532963875
ck_14436a409ebcc90f,0.012563889133648767
ck_00013fdfa0bd37dd,0.007646941891489485
ck_7dbe24ba01316775,0.025304405027472887
ck_0e3f80c1553c591b,0.02130772935081168
ck_3edc45db58760d76,0.008086663408353484
ck_29076a13f539187a,0.2583842438787117
ck_b1e81b58b9a545ce,0.08960158866385426
ck_3f8571d4f7420b2a,0.0702525871083181
ck_7dff6abe4bd644dd,0.4823897836223669
ck_2884bab237af16b7,0.00880033362826952
ck_231e6dd1fe708000,0.0068319767684176785
ck_33ecaa7b892e73df,0.007525460462466807
ck_b109ec4c63503030,0.008593553403075311
ck_a7f522382509cef1,0.0031264361293338308
ck_748b3ea941d8b3b9,0.07585816727162588
ck_29f3a1737a2d9634,0.016475321952110922
ck_cee8d42475a0f020,0.0024185130287979932
ck_c6b6ebe145a8ffab,0.009913897477277472
ck_21c99e1d6b881894,0.0027036625483799134
ck_5ad798286384484e,0.02069048770019491
ck_b621b6ffcc7f4848,0.00806779898267765
ck_ea819e337233475c,0.145281075769586
ck_9e3896c2668ce06b,0.06058123626833174
ck_501dcf1ead036d2b,0.008815395526825623
ck_8d5eda29a2cffa3c,0.011257154238175332
ck_4d3aa36ff83f1132,0.5043700029924231
ck_8e9faf94e3e6c757,0.0017276930559438535
ck_ce0ec41f96951048,0.02662448048639087
ck_f09165d73ee903b1,0.013372060344595673
ck_a432b1bf1d3b3d5e,0.29331171982932397
ck_ea618f720ff0b4b0,0.040850010392086834
ck_7584e7bd755cb28a,0.008376407255566437
ck_e14681aad43e1a72,0.02265789469192215
ck_5e18870d8e30e379,0.024036085967179918
ck_ff7c26a62bda8089,0.002037626896503341
ck_cc5a35175d381d5a,0.017944680258109913
ck_3c25029e40aa8a84,0.006361619114022429
ck_771247b5bc16c12a,0.0037720783419168376
ck_664b5e02759f985a,0.007820358949254067
ck_692a9e8f504b9762,0.0017473655143999964
ck_df8ad2deb0a4ffed,0.015897248401129112
ck_eb48c0bcd12ea654,0.024022085109842807
ck_7c77e597c951cdad,0.0171541850904499
ck_4f75144c6f3b13ad,0.028609091777460214
ck_1bcff399166d7c43,0.005991625068469013
ck_975c2aa3d4a8c51a,0.006699626868518415
ck_bc6f07b06aaa4ce3,0.18387075982177234
ck_80b072b7f3c7e8e5,0.01339689766102298
ck_471e4018a23b4e56,0.007403584561180161
ck_53cddfba570b4a3b,0.020494411180503897
ck_630530e50764f229,0.013231913960509264
ck_dcef7887a4f1e435,0.033579220672679676
ck_2795921a055643f6,0.006551816568147181
ck_7456df89f3792235,0.003817471849351215
ck_5014a3b07e1f049f,0.4298602419630314
ck_d4ec44760cbe03f4,0.00904703656704829
ck_96810ad39d4cb7b0,0.009253709995598566
ck_3222ea25aa29bfa6,0.004861262161699114
ck_f6c42001b84a10cb,0.09281373285584683
ck_5ac86682385c86b8,0.015140060769345107
ck_4280c33af57eb4f4,0.0042812105084022835
ck_05f79ddd8eefaa56,0.014752247985822718
ck_3a57a13ce032a6fe,0.004668075632078619
ck_a721f0d635fad68a,0.006981987246793764
ck_a3f821bdf408c326,0.0050146122742502405
ck_0ada63008be5685a,0.04445112100369832
ck_8c949bdc6e8720fa,0.14675593455274402
ck_c0d2c56f9c722e99,0.9790891615097841
ck_5d2b9e6e087b8dfc,0.9920581550094254
ck_5217b55593a332ca,0.10548496307639935
ck_7a7bb9be5a7e48ad,0.012932882633171505
ck_24cd0d779e866287,0.003086308962430946
ck_7367917891a63771,0.04610826046941455
ck_4b31a8862a857e6e,0.8880115999575944
ck_81429c4910ca46cd,0.011418966482510454
ck_b35d803568f82d9a,0.03722627432696599
ck_4b00e75c2d2d0522,0.0018850496030974925
ck_77fced07f6dff42b,0.01453656640636235
ck_3c9a06eb07c300e4,0.013250976082568061
ck_b3867f7f494db64c,0.0017389641227003373
ck_0c45e54897ab34e2,0.04575902613449269
ck_507a6a580ab55c76,0.014685887502867962
ck_291bffc7809f896a,0.002897667196038998
ck_3753cc5b9d02e2fd,0.0034214501041506056
ck_4f63d5245b3ac1dd,0.01835448765494789
ck_9dfb2ae78659240a,0.014314631499945517
ck_90f6f5ced708aa75,0.0012385973189014984
ck_8b5b5a6b5539e39b,0.8802432006427369
ck_4719112b55d20161,0.020436319733337475
ck_fec888a7108ca52d,0.9908789608246178
ck_4f5d022c99f118b7,0.05478977558896111
ck_e967ff05514b697b,0.049564075034790434
ck_839ce35819bfa4fc,0.002994362636042177
ck_bdee1221b9addff8,0.00687758071609772
ck_9cde4036d0914427,0.014941809288962226
ck_5ac959cbcc5e98f3,0.0028099556782818216
ck_619842688294dabc,0.013079458967053554
ck_7373d7b04c7799bd,0.023722736941189242
ck_c1dd3feb9a0b6471,0.02135061237111831
ck_0324a4812ec319c6,0.014833051068104456
ck_7f3685aa2933b251,0.09021280288493042
ck_06aee5a62a67a84c,0.13020148711834512
ck_3428910b44b9d08f,0.038614774186573254
ck_c3ba7534cefc1de8,0.009248740664709317
ck_1f1273a67cbad5e5,0.7347029961914708
ck_124565a11b2f8bb8,0.011628842402509174
ck_38e46bc861e0165b,0.015016665263067391
ck_c8ad3f01319c065e,0.05365893352003954
ck_3f94a34f5038f7c1,0.5938099600052467
ck_cee56be5a502fbd1,0.2516655715575623
ck_2b90b76cf4d162f9,0.009188744334946358
ck_884b2e463ff1d54f,0.020462137881007175
ck_fab4f2f8531b4827,0.016300507656071016
ck_4fc6256e0e60a926,0.012949386519756682
ck_0a2f8b2f8a5b6f02,0.008397631270099062
ck_9c0deab8a8367c5e,0.005253280582183866
ck_d3a2a4c011fa2554,0.008990076113614652
ck_4108b4038f762817,0.05610669372751126
ck_4df036e2aa7e1056,0.008209050841309505
ck_ec094eb1cbb3efc5,0.003049166103550335
ck_09f8f51bfd2492c6,0.006723416079300863
ck_b60fb9a10d6f4489,0.044339374041784604
ck_3638bc3388dbc1bc,0.16118821918681817
ck_7a58e0cc9943c39a,0.0058263206808947645
ck_37dab6a0a536ed49,0.05715001045452285
ck_adc576690df5b33b,0.03435620790107057
ck_1383b2b1875000f2,0.011670183204836714
ck_43c1248db37a2eb0,0.005040330178821139
ck_29c11bd68858e923,0.002357921913520076
ck_9401f9e11f65337d,0.035419808275212156
ck_ce5ed372b1a2ed6b,0.023972164192027367
ck_08b4619490e751a8,0.8381654870688304
ck_44b9125526acb05d,0.022417502579086354
ck_ef1a1de20d2124cb,0.04258087554275421
ck_e5e2624b7fc89774,0.04616172543595771
ck_f5100511609b92c0,0.0013944345884038707
ck_64f3bb17101b7c42,0.013924255240258695
ck_ea1e5b5128ecba2c,0.006934996454977634
ck_516163fcf04d5e77,0.010228971831004904
ck_7f9a748110d70005,0.007189382816460518
ck_d263b55f0a681cce,0.022221535223978336
ck_0e962eacf98a813e,0.009999534031732921
ck_0406931800e0e2e6,0.005641047674593353
ck_0e9b982afc88a3a9,0.9848719376653201
ck_8bbb625384edebd7,0.0012513682405748171
ck_5eaeb87bf6207406,0.9280196475713641
ck_cc3318839c4b0745,0.005575409282872614
ck_08a0355d1f1890ef,0.007863185530261526
ck_af7ffd1a822460d3,0.34712161328264846
ck_2a09c7aa870edb6b,0.004392143261047981
ck_bc04f51c23290bcc,0.011744524346966122
ck_d3a8333cb389f4c6,0.01635435218837448
ck_88e3dd3039508332,0.03942438296394296
ck_b8c7771de9b57705,0.02262347982274251
ck_585ababa02383b50,0.006262665958476203
ck_e988c108754cee9c,0.00846020242811376
ck_4a691892d9d6cf89,0.00984503859268545
ck_7cdce37d895eefb8,0.00854711454437022
ck_483fb981a1fb4317,0.009167867527492617
ck_c1e5182bd99e0e35,0.12482998648777792
ck_9a1e3ec9a1839939,0.014937436709088314
ck_5c3f13de0dbd5086,0.02996692401899307
ck_f4f6f0caaab70040,0.01540122744832521
ck_791be3378dd7d64c,0.013293175399680572
ck_956dd784525f5886,0.03025582068226495
ck_098167eaf124c279,0.025317315569679602
ck_33ecff7914349ebc,0.01547937585036449
ck_e05d44e46c7174e6,0.013587891819073005
ck_1b2ce474fa6582b4,0.018322143514791694
ck_ab581082e8f72e3d,0.00529650999845784
ck_e63256667aa19070,0.04721494463343705
ck_f568772b6cb3febe,0.01700328750570219
ck_dd89a282375bbab6,0.19612889022268137
ck_a39d0bca345b492d,0.00580820209818555
ck_d12d2924d0f7a64a,0.007762245212505283
ck_6a548da1728b5823,0.9766832862105093
ck_6d64193681d2a94f,0.04921843549344181
ck_ced6b6dcdc7c201a,0.011555898080375479
ck_d1b0699d26282871,0.043669108957347824
ck_58f757e40a9b8877,0.0823847000771796
ck_3272c2c4a37d5220,0.6066941851089429
ck_d94dfde9e03c9d1a,0.016081056792811743
ck_08a6d4903a7fbaca,0.01294608868349089
ck_6c72a36b05fa0f4c,0.02785129568497201
ck_dbb4bd4eda97255d,0.020127350465914073
ck_94b59bbc824b307a,0.0031671778626732087
ck_0229a07185f15469,0.008145207494647234
ck_11bf1039f8b3025b,0.014762907886784714
ck_36789ca11459131e,0.07633562293925437
ck_8572c5f5c1447c62,0.0348415416333763
ck_9e75c6641939f4fc,0.03019152689312453
ck_b45e47c39d4dc7bf,0.0077267637072045495
ck_02903c48b6cfd65d,0.007988060676014345
ck_b153386f1729de81,0.008337481045530948
ck_36979996f33498f7,0.22712742976493266
ck_3c02d4dbbf6716b6,0.012014214980784959
ck_66c9a19963957531,0.06081998018951114
ck_bae8dae7cfd8baba,0.005033894888545237
ck_bba0ccc6cd968680,0.012982681536996114
ck_3267fe3aac05c71e,0.009178396022521433
ck_40052cac10562cde,0.026727916801127252
ck_d973444855403e2a,0.017978822905650792
ck_012519bb095ad36b,0.9864648236968605
ck_ad7c256ea10c4a00,0.20541526986289693
ck_70a60e095e9b706f,0.002417342629342468
ck_f2734417c0db4ee3,0.006039864737952484
ck_9cb89cc3178e0172,0.00777943595629462
ck_779cc0f2de4d5488,0.1105490606346269
ck_35f8656bf93e3b3d,0.01821842854399996
ck_bdd8eba728800e29,0.02872546241616501
ck_002cf760d173f0f8,0.020481761821938838
ck_b046067c6ca3831e,0.0038316365457686475
ck_a4a42d4bff8af645,0.006565921105981755
ck_bce253d2396681a1,0.01203359695911929
ck_00dafc060c8de32a,0.035833185632510055
ck_968a99e097ee78c9,0.0739276904432371
ck_66949171b387bb93,0.017252331117049977
ck_ad305286702b1958,0.005564020478053792
ck_4732da7e0d2dfc7c,0.007194630484701748
ck_17a95bba77217d85,0.09015930286676031
ck_3e2516a3e35067e0,0.006243335727912154
ck_0b615ed566da1f58,0.019872553824254374
ck_d2b3ce1ebabe9f93,0.021329747170675584
ck_a892252e4e0c2828,0.006103469539559727
ck_cf606fd6ebfdf9bc,0.0012665388967230502
ck_718865237134ebe8,0.004799144807136697
ck_878522cb775b904c,0.04219388550457094
ck_9ed53de6ef779ae0,0.005070365122001545
ck_3f16e2cd7e6874cc,0.016525097384684585
ck_3c59df37895ead2d,0.014375222053418351
ck_6821459b626d492c,0.003826594321498492
ck_11c7667920541587,0.008338121877895887
ck_23a016cf6b98d89c,0.041768404171594914
ck_7137eeb394d200f1,0.047893625811171577
ck_9c4886c5c90ddbdc,0.006561264970101827
ck_1422a7bf7756294d,0.8956467817186403
ck_7ebc5fa7f0d3b8f2,0.024510336969761733
ck_fcc2059a8d5c41fa,0.10728277546746719
ck_00ff7389d6a83e29,0.048422488296945565
ck_03129b41457795d2,0.019255049299812997
ck_38ba64efa7c38250,0.027344203446915655
ck_57a6b56b09bff24e,0.010436223235700811
ck_e3b3c5a80a567418,0.006676880140261191
ck_fc40a16adfced018,0.004836320007928992
ck_9d4b5e6b43bad4d8,0.018414590751478332
ck_61129937ee466b49,0.024980912662350273
ck_74112e47b8629c2a,0.1743485514908787
ck_b4703ee97f94d7fb,0.016683206307904687
ck_e560f720a988d8a2,0.2507439093467549
ck_708fea345f68037e,0.008488740054135252
ck_25394c1b83e0b803,0.030278309870147443
ck_17ab24fe914ae44b,0.002788674535473353
ck_16c501470d9bb006,0.003485895535089752
ck_628f449e248c19b7,0.05377255179452073
ck_6d64190623dea714,0.006223815097642206
ck_504a45ee08db72b6,0.009793354525061814
ck_6cbb011e0c70bc7c,0.004393577092731432
ck_b3225a98acd04f83,0.0058691276474741125
ck_aa37993f1c17cd1e,0.02794357878749225
ck_558cfe5f77a55a9d,0.011181341992629143
ck_0d0a1a021efea5b6,0.02166359890966086
ck_daf7aea023b7a8f6,0.018190118500310312
ck_d75f25184ece2b51,0.0038712460462481486
ck_466d4b5366c50b98,0.0049747039367385336
ck_88f27ab479063852,0.05498658447492939
ck_66779098e78c1760,0.0035408451136737166
ck_b150fe4efb449b05,0.013035727062756818
ck_9c3aa9f23d01fa1c,0.00548288167744115
ck_6a01c375fc26705a,0.004491820776791131
ck_002eb6552b504ea1,0.014013978416022636
ck_affa5aa0bff9bb0c,0.015308435005067279
ck_027614eeba8b1a4b,0.00555064222654052
ck_67e075c982add719,0.015872998800248436
ck_399b0d510be98bd2,0.009810855904831415
ck_e9b0bca7368555ef,0.0038777526642823274
ck_59c29d9c57b4f994,0.12516347994361154
ck_37176850ed68831e,0.0068880883504741156
ck_a0db4ccca08030c3,0.655905007302468
ck_aa188e5c25f7f42a,0.017121107367967674
ck_7de6997178207800,0.0025956208999745583
ck_c729d19053387be9,0.055182240190982626
ck_f2d3e3d90608596d,0.3971972209967712
ck_2db3fb565e0211ee,0.0057417248802769955
ck_bed8a480e27e911e,0.024060294037449206
ck_d7ad9921a4d25926,0.03151189494509999
ck_2a59f23fc5194699,0.10012348735860072
ck_63601a58a6120d8a,0.04725676412554038
ck_efd7b9e22c6317d6,0.023768274928413633
ck_9ab42875a0f95b43,0.0752905053728839
ck_85cb5033fca7c846,0.031892525428772994
ck_5249b223000915ec,0.0241848188715206
ck_3efb0e9bf25612c7,0.009457232075367038
ck_678e74532ac19700,0.028345190131615187
ck_a980b296c95153f9,0.015543423378628084
ck_01ac687ce0d696a7,0.026026948126907465
ck_52e1418cf1aa9871,0.020724399134768944
ck_7d28da4f1dab09ee,0.03553836142651127
ck_010d0c2e6c1657fd,0.044231441225390467
ck_b524f7a2e752b9d0,0.014335876786933537
ck_cc447fcc24a0772b,0.22673037766102275
ck_2cb3c99845e572da,0.003600544566012948
ck_604c710141327a81,0.004821010657608109
ck_8d5fa65717d2e0c6,0.020756285079278514
ck_31199510b40602a1,0.021135323140150288
ck_49e253ea12f4e922,0.03645365141587051
ck_780738e0d71e7e43,0.00804225175735382
ck_2cd21137a07fdd7d,0.005215100660560138
ck_5e021f2a3b66e256,0.03229677087973316
ck_efbc79246e32c66a,0.03056786311588637
ck_9951bd806c13c7fd,0.019250458201173114
ck_7a52674e2806d8f5,0.02977143110826836
ck_1a319e509f1efa1a,0.005340518249071049
ck_c920901b9a4ba993,0.8647815237216941
ck_b71279e807d0b3a7,0.012029102572487353
ck_47e1032f490bb018,0.015502471578385909
ck_192579ecdca7ff83,0.016139829749624555
ck_b1496c474c4a3239,0.0017669891782805523
ck_5e68ea2c5e893cf0,0.04032487829188126
ck_f2ecab85d4693b4e,0.00800642734684592
ck_89d7bfc81c3df597,0.014727053985747671
ck_7929284327667791,0.03292067816791082
ck_494ec63c5ce8e150,0.010597976296810963
ck_319b059bb2145586,0.04703203639561234
ck_ccb3767c239018c1,0.006557163172510718
ck_a1c7adfe26e09a8c,0.02435937437630755
ck_0e13c4f73818149b,0.028252465550158694
ck_c285a51ed6214f52,0.013622081592167072
ck_916784595f028226,0.11891141070483621
ck_6cd8e0196365c474,0.024655852789004572
ck_57b657aba4daffde,0.03245295032543218
ck_562c76a3753fc7da,0.5135371411213907
ck_66cfc1ebc9a513c8,0.0038434228833706813
ck_0f38d4aed68d7d24,0.08698410630749014
ck_d8ddf5e99f7859e4,0.015117767703837423
ck_41bc3efa0fca700e,0.03247902837374404
ck_40799e129fcf42c5,0.11097562516430087
ck_786f079389126e44,0.021037634630769277
ck_bb4c6b713eb0b978,0.027948160563274156
ck_4f01f7eac0efaba5,0.00625469330309213
ck_47d29c01b20cf69f,0.006621712208808317
ck_bf15a1f8d67a30d3,0.015602059422610884
ck_bfecad7586f65e4d,0.02263476659180755
ck_fc9f16df35190eb4,0.19996271070688088
ck_c09c914e416edd08,0.017374999820935627
ck_c54c5d8e4433b0f2,0.007298261914195347
ck_1694c28f44480e98,0.04230886957956708
ck_1dcaa3078dbb7571,0.0035477763525045554
ck_af559f990c640e41,0.010082464166344127
ck_9b436162039a77d0,0.020783858042919722
ck_79d62ef181bd0cd8,0.00454415310012851
ck_23caafc2cd34242c,0.007322817912894892
ck_ffe2aa26f597e552,0.018073006493465583
ck_e6ffd0754ac08661,0.002099290381482994
ck_beaacb4a783db21f,0.010378762231331322
ck_9863bff41d24ce9b,0.010439887071049612
ck_323b9cc5c49f8ea0,0.02195500791580588
ck_ab3de3d3e41c2082,0.014472071107095516
ck_35c93b2924900376,0.007152066067926604
ck_5a9d5f9901e37e31,0.013177920455639687
ck_782b0be796164335,0.0023415946250107617
ck_11960b5f1c7a5e2c,0.0037441755733704576
ck_9a66cb13a9884cc2,0.016374658928559736
ck_ba666a425930615a,0.0028595570366002432
ck_40140bef4db73741,0.021277413855385258
ck_e05e91cc180063d4,0.1618070924446971
ck_c7f6f45710bc050f,0.0114478403018312
ck_055fb9f2e1c8c934,0.034585048795174864
ck_58bb02d98e2b9cd5,0.019300943860326682
ck_d9f8efa6a7800f76,0.009302607283235625
ck_69691226c68fd50b,0.19748634828493358
ck_6f2f0396e5b1c538,0.9665473512473726
ck_78bc3f1d0f35ea6c,0.011746981051481944
ck_2d5a6b6636a2596b,0.006541638184886492
ck_7878545739af0a73,0.0020089885348544903
ck_03c4fa4f3ed3512e,0.0013198415936458662
ck_1a9e51d092d62c84,0.20322520871311034
ck_9f3861940d8d873c,0.01341930742700163
ck_4684fdd61c6a0fac,0.013113245405206128
ck_715966f86d5c913d,0.004627574541717253
ck_77f293d44b4a3d2e,0.025186988393915914
ck_24dae044dc05f849,0.028382645077472988
ck_00b9818e2064405e,0.0770698674796909
ck_c1c2cb49c3c1b0f5,0.07616561719414144
ck_bed50fc64fbbf8ec,0.0075973605324572546
ck_4f6ed5ea5ab7c429,0.004975914394159787
ck_458531c22ec2f9b3,0.008935262734460865
ck_51c50c4c443df31a,0.47581636882131123
ck_732d45bd578dc39d,0.010118997184436663
ck_783fe5bc20cd02db,0.05841551128250187
ck_7f188aaa63d1d442,0.015359171504891415
ck_ef307a6aee38d1fe,0.7285175520055107
ck_e37196b20968b73c,0.031372277348140194
ck_4ef9de711c3d93b1,0.032738724430771214
ck_17946516d5df71d7,0.00900069894715075
ck_3534be0f4efd313c,0.00840098198084321
ck_29fbabf855cabdff,0.0031670597299101417
ck_191673540d8486af,0.01917802668613401
ck_5f52728d777ff2c5,0.008989615241902012
ck_a045a19369016818,0.9912635876411799
ck_4eadbe7298b15e96,0.010104345497522984
ck_a3a0bd59729fe619,0.00566203478112208
ck_a1e77090b1c6ccf4,0.007582911584187152
ck_69ab9d4784eb77bd,0.015045416979184571
ck_baa47383ffd50f04,0.013632944238646024
ck_e35b2ed08b9e55a7,0.005806585649080679
ck_b6e3af0a5119d9a0,0.06969264073096361
ck_a7c1dabf3869772f,0.05197671756145701
ck_80b8fca67a14e0be,0.5444025572090524
ck_dd9c5f0c42878e67,0.0036247090602814632
ck_41ef7967faf5ce82,0.003584710025898556
ck_a93560aa348d6225,0.024038937681301394
ck_ffe91d6f0bd93fc6,0.03859969105847991
ck_fbf630c960194033,0.0470875985464177
ck_497ed60723283c0b,0.015208803441703323
ck_2a46b7ca55239413,0.010068929419232231
ck_1a4e5ace078dd782,0.03408493509068771
ck_616cc31910f5de50,0.004193113763463409
ck_0d65bc749eb42710,0.02940068154139901
ck_2408db62e4395ccd,0.01607950801721594
ck_5d7721930106dce8,0.020727052001045392
ck_e8a6acea22b20312,0.4697419862311427
ck_e2f792fae128b18e,0.14685195161878328
ck_e6d3ce445b86003f,0.007079317092138026
ck_263334d722ecbc97,0.7407974845055627
ck_8c5b29f6666d4874,0.02667915610299005
ck_7ea0bf310fc20c7b,0.6922508433910017
ck_54d463f7fd89ec3d,0.14442978681772325
ck_79e45040dbdd6447,0.027694160578066916
ck_60b4d59953505682,0.5649926802740267
ck_fb00dd5021642507,0.015634371819948194
ck_f409ff994a210601,0.04396661404510333
ck_2ca0020038bfec58,0.18125336164174632
ck_adf84b9df54c3d80,0.01350988541535759
ck_942dbf632591b65d,0.02565407438716516
ck_454a7e4d859a3409,0.003246941476380831
ck_2139062d4569aa07,0.020874090838777695
ck_e949a0f4df0b3902,0.05652412372667514
ck_bb113e3e6716ed65,0.023327820168530192
ck_6a28ea6ce69cb869,0.10275669067449533
ck_7df9910af2bba21b,0.005258444925404518
ck_78aa4b731cbfe251,0.005491857892163429
ck_5839f5cbd8165b1e,0.024872131102655144
ck_7158ad9e58769ffa,0.06221189864042198
ck_acee218cbe61df69,0.016387232082646565
ck_f8dc8473c2772729,0.07730374567379074
ck_f34c93a8173555b1,0.060893116075954754
ck_7cf301d075e4e709,0.014292388287683066
ck_b87e88ee5512ea17,0.006703527960257694
ck_bed0c020b10afa3b,0.0058296146778103256
ck_ca10102961f99eb4,0.004099384697683681
ck_393287947b5c8d79,0.01279797882298255
ck_2fe6cac002142f67,0.06583732988613317
ck_79c7f0d29b1db1cd,0.03528272081772135
ck_c735b643d3cbf67b,0.0073299868056182944
ck_ea4332c8fe48e2a3,0.007170893291834198
ck_d39864119cdd460f,0.004960786334004491
ck_3b963d6be2773861,0.004856089339844808
ck_df39e3b8a9fd0bfd,0.5239623902814636
ck_6236a461dc0d11a3,0.00490329800256864
ck_475ebccca25e30d1,0.030064694780087494
ck_c10c8bcf5bcd516e,0.06129139354517095
ck_49ccc3716a564256,0.011926874803140725
ck_4e4f99102f6938cf,0.004502790777299253
ck_a97b481ade6f7972,0.031054431108633446
ck_3fa559c679751b3a,0.016268103861064167
ck_3eba1fd2c7acc4c0,0.19679039898742132
ck_18c179b4afc4fccc,0.031097321500457922
ck_cc1c0b93d05b7d20,0.05333643661767687
ck_742f7c28ddd019e8,0.07101509117126721
ck_04470bc93b8a0d71,0.017062967959468336
ck_6e8f8ef7a03cc6bf,0.019299318680019724
ck_eb1ddfc353b4da83,0.003066729980494818
ck_98831b57c7ca2e4f,0.002445636510162799
ck_a6c7b8d6e8596d4f,0.0233681988798149
ck_cd7d24e3b095e96e,0.0899529536127034
ck_3f5ae4673a9f858e,0.007405003769451973
ck_05f375fc8ae0afb0,0.02168572661580173
ck_1fc98436281ee39e,0.0033826362210736876
ck_6c48c58678f64bae,0.003133080568165065
ck_8c95aeec6a4c75b0,0.011030763074677239
ck_364cde38958b7af3,0.314757284547042
ck_85bf21aa1a00452f,0.006743113425719262
ck_796d3eaabc667c23,0.9936733903371509
ck_ac449ee0c315edde,0.0037829454678950233
ck_6f9fd15ac6b163de,0.0034899966284044296
ck_4087065be2a45ad7,0.38404295708702285
ck_ecf006bbc78ee3eb,0.3215419498994243
ck_8ca808cc5a49cb5c,0.03340790203476154
ck_94b90ab8b2dfb50f,0.017760219781204106
ck_59fd11b3232de9dc,0.858903892907972
ck_67f3794d93e2dd67,0.10813311579875261
ck_b7f5acf5df1bb13e,0.007872136021067655
ck_fb04ecbaebb774bd,0.008400732781359646
ck_68ef3e7301c621b7,0.013419311544070936
ck_41406cfa209b6bda,0.010756402891667724
ck_b0f8f5408662337b,0.0029024605523436517
ck_0d2901bfe585c391,0.0859415855163224
ck_3398551e81dbf3db,0.041852574984647936
ck_61c3e3e277629646,0.016310823172942437
ck_2825e34dd3e7ea2a,0.010092481417328556
ck_20d7571ba830009d,0.01654014795152439
ck_c98b16f9a72a6568,0.0013601057970976003
ck_e7c8a9e4641eb9ed,0.0013942526447514852
ck_254a7c97c36dab8d,0.03624011416549782
ck_e98429675b46272b,0.006804030144996545
ck_c2fc0ac460786d02,0.07743336509385251
ck_fba15647b3a140d9,0.008805537545498593
ck_15ce50f2704227be,0.01365982413759205
ck_8c748aaa4a4554f9,0.011375018727331918
ck_e00e82a9419ff086,0.035513173493321434
ck_832341c98254bd84,0.019181774085554836
ck_27466468d06db4eb,0.051517667618190655
ck_9d7b9e3ff1f3e71e,0.006803585088111396
ck_42c6973d3a6fe983,0.002419131531430416
ck_877c85bad118bc62,0.07567330655142519
ck_75d2a2715259c4d7,0.06358276192216239
ck_37d3e5c681a2214d,0.1421093817914566
ck_bf285dd49f372de4,0.01846038759319615
ck_a5bdd026fa9c50fd,0.004280361663200372
ck_88d9244a9cf7a77e,0.40387887340707784
ck_5881b174e49b04ee,0.004942835754821703
ck_5b16d67c5ea89930,0.01525538240318617
ck_b75b936aafac56b9,0.008012937353719931
ck_aed2681e1646a0df,0.02618108474269762
ck_f63cb5e8cc702bad,0.00893414463830302
ck_1805fcfc4a9e4ffa,0.7556535470352845
ck_25c355da356c730d,0.010833921052948902
ck_70396398e4a96449,0.011436100255147187
ck_0f743bd13373748e,0.01977255484329052
ck_4b387765f0e916cd,0.002602778009278381
ck_e971faae8a10a260,0.004374583134922335
ck_9eb08369e983abfa,0.0017761479490448267
ck_c30c5844512e429f,0.040967223424051326
ck_59e77e3a81f1fa0d,0.023239129053571537
ck_ca4465f2b5c1a52e,0.9568018144973751
ck_c89b9ca398402f1e,0.004187770451623465
ck_36e72ef9273e7a95,0.006926312651519516
ck_2bdd8616870e5e1c,0.004148418250439398
ck_216e87a41de22b5d,0.047760408486805614
ck_60f4fb44f5efe3a0,0.0053915704935831275
ck_05652e8ace6ce6cb,0.00988897984080588
ck_8c136dc691e65695,0.0013717815418068575
ck_a08f8dfadbdca112,0.018289313135531098
ck_bda4041a3e90d860,0.011350521358018322
ck_15dd3ecaa8ce0245,0.5699000136856844
ck_3e3c64b3b7876ce6,0.044807328963921395
ck_46225858a38b2e57,0.006722354850530736
ck_0cb9f54928f4feee,0.023749107375720686
ck_152671fbf8a9a78e,0.025200372792512138
ck_ee7a515e87d17d4e,0.012955561821493867
ck_f7276091bf513d22,0.0014981849688537152
ck_4f05daf1cf0d5755,0.02863501079579405
ck_83a69c4a5d55ef19,0.0168996667436069
ck_c50fed2a7c9198c0,0.010264197708270768
ck_70d19d5650ddc8f5,0.015084211524502568
ck_4b4d99e443618904,0.008360110669289298
ck_dca0b6ca93311ca2,0.07752069966983487
ck_b7431d4706461ec6,0.0072619885523379285
ck_7b59d22cadef3b05,0.1652100522096707
ck_53428573abcd606f,0.021832144484956417
ck_f538ab6aecf2adfd,0.001311912495893315
ck_d321249fb065d2fa,0.11834089794016431
ck_72fdfc7e6d8e1436,0.004517554334640765
ck_b52b99dad89ecdfb,0.019787111211731045
ck_d2d4282f9d256b3e,0.0037266366705316894
ck_c8f2a1dd8a6141a4,0.0031913089959700624
ck_8d38747058d0aeea,0.26274938574399404
ck_3ac528caac74f563,0.019062886701262174
ck_8dbaaa00ad829ca9,0.01633318990235748
ck_7c38ec898f0fc21d,0.0052956745119997015
ck_8171ef803f5ff604,0.033898118557511084
ck_01a750db6fc1168a,0.07148454668111982
ck_ceb017baa26e98c8,0.08078571636648058
ck_e2c66c72cc0b0f78,0.10315105111977615
ck_8d9518f64b222416,0.007503599285330286
ck_804c5a1fa5753617,0.010470818031553586
ck_fca7cc9c42695453,0.007376872668752641
ck_3a632cdf2c19051b,0.07463630247232259
ck_b2b63ea65edf1dde,0.0460093937245738
ck_27b07021500ee841,0.012101038549742472
ck_9724718fe64c6557,0.9604315050976676
ck_2786cbc3e75ec034,0.13928101312357416
ck_d9c2622cb6df380b,0.005857912434252252
ck_ae1da8ee98e402a4,0.014060444523735418
ck_62967b91504149f9,0.00997977130389971
ck_6b255bf68709109a,0.0077571274602162045
ck_c55afc68421d85e2,0.01246004980163418
ck_7c7266f6ef2a8466,0.017101539464180145
ck_885cf685a9541190,0.7714976759661857
ck_1a4bb7d3d2ee3227,0.012882180530295174
ck_b4911c42f3bff740,0.0010998137418382938
ck_66f9f78d4c6a3edb,0.06578824323872787
ck_49bdba9ee1899dfe,0.009416668070671558
ck_79b235d51718435d,0.028916999899190943
ck_d840db8cfe2ef6f1,0.002766691495269696
ck_610c7bcc1cd7ecb0,0.012557583295206783
ck_cf49b6544aff6c50,0.37766700528517705
ck_de05f97c3d40dd1b,0.03976747186778773
ck_0302f67d75973dce,0.01061019649298033
ck_54c2604c9ca6256b,0.02419691527510958
ck_a1c88c0568f142d0,0.1382815588337072
ck_5d72ff6cc2963d1a,0.006373209059053978
ck_0446920a1004c596,0.0013740339688935687
ck_71044c29ef071570,0.018481012137978727
ck_2122e9bb1afffef7,0.008524142220886996
ck_d1e3de178601d3c2,0.020197581309675364
ck_bec8324a3587ef04,0.0027526984583280643
ck_b616b6f45225f319,0.04620508270790218
ck_ce1e695884511479,0.022472410616564124
ck_a662b4bf900781e4,0.001455635966323538
ck_b5a84c5547378c10,0.0019294842587124841
ck_f80af368cfc6cb7e,0.01448698571235487
ck_da3526ab6c5c884a,0.026051713014035225
ck_bd20be9a3392d79b,0.004411122221877888
ck_b8266dcd90cbfa62,0.006797180204445433
ck_ac84b33304362c06,0.021716055865625382
ck_794d8935a895e33f,0.02909898596173758
ck_8fea7d915259f1be,0.006566327876714592
ck_7a1519ad5ff45312,0.0009755372203796278
ck_9bf3ce30b65f75c7,0.059286532407362105
ck_5f864d72d1eead99,0.04318883516079536
ck_3c48e0cfc2a58041,0.5485484870141921
ck_d902183f80cc81fa,0.020760368044521707
ck_539cb0d117db8cd3,0.12277989023855021
ck_28f530aec8e77130,0.0280075565086918
ck_e7d903c50d353361,0.012196374107908685
ck_d288b77d1e227970,0.07522901650325882
ck_017208fcc01b5d40,0.010507149709654369
ck_7e3923d278a5106e,0.016461007279795877
ck_9700a00ff9e66216,0.023081478728795343
ck_5c36c78b7a4d138c,0.047367100844596985
ck_c457e9c9224b773d,0.01148320321984603
ck_1dfa91405d7e66bc,0.03742756534402568
ck_f1d8a2695a575e56,0.013818888328246931
ck_3b92a46daf8d00d2,0.02358905636315611
ck_aab23b5470469649,0.023424892861626738
ck_ecdd01a391610d99,0.0036215017914692778
ck_abd3aa292f8edb4d,0.04284244528336033
ck_7fc9a0776e1339e3,0.0051559635158895875
ck_c0389ebeb0e65cb8,0.005194294014898756
ck_48d0fc4f6a2109fa,0.9831105892889889
ck_571dee4f3336c7ce,0.017309744377466185
ck_4cedf26628c84f26,0.04586567550820346
ck_63356762d24aab81,0.016464272631162603
ck_2c5bc11bb7ae5d2c,0.9128799079797012
ck_6d26a152f900fee8,0.0035346290920642894
ck_c972b0e781efed3b,0.005615405348952373
ck_fa0ecbcf9a33d6ce,0.004556349125345592
ck_fa3a766e49dc77ae,0.0072872237786686025
ck_7baf1e55db0dc558,0.011315373257932696
ck_e8bc49e6494c1f37,0.00470022532585535
ck_8ef1d05cc1e53e7e,0.028670856355104173
ck_cef2a485a77e0723,0.0033525734486999892
ck_228a583f23abff48,0.010893494557721468
ck_ac32c6e374782b27,0.04136804906901434
ck_b9485218cef413f0,0.01015401280685789
ck_7f15503048915d6f,0.005363192205877116
ck_b62f5144db15ad34,0.101786722376507
ck_917d82c552f95a23,0.015487414815028829
ck_fb4797045077bc6d,0.0022692979269320016
ck_2cf8a44e041217de,0.02987936715680591
ck_b7dd681eb3d2ee38,0.006054453062687739
ck_e9e8cacd2fa35e79,0.019328615337917014
ck_342a79f91de5d1fa,0.01854320761125627
ck_2c91f62c05685ed7,0.0369886032590242
ck_e30cb64302939f38,0.07289351050054246
ck_d0e95b90ba86da10,0.02123155539636038
ck_1774faf414a5d49d,0.6169811398982176
ck_2401e8ff89e574fd,0.6977291219826832
ck_0cd8802264e0a1ef,0.017041239369667355
ck_da84a0dfe947fd3c,0.008730637305481152
ck_c8affb27ba7fb5db,0.03816662863855816
ck_bc7ece8787ca7200,0.004054332512671008
ck_469a0578d05990c2,0.007823107880817713
ck_eef67f8dea702338,0.05180134165066683
ck_4f490e379e9ded9a,0.0065560015445315775
ck_354379de065a8ff8,0.004459656448217939
ck_5db1cb368bc41ac3,0.02219369636104139
ck_9b1c3742dd6fcb8b,0.026816657895790123
ck_63ce4f44c92d7143,0.018675954209910965
ck_e15e3390f5ed45f3,0.01745527192758475
ck_da645ea91d66aa6f,0.18805478703869538
ck_834ca727df855f07,0.04708909552781104
ck_e1d5ad20c737c745,0.1025772740069246
ck_ff8059ae5fa5f1ee,0.0021571643714016495
ck_8bb9e75393954a1f,0.006352292770174536
ck_4e1757d1347ab387,0.9850743334197853
ck_af3f74b1d75a5d95,0.027085493546658047
ck_6b1ab0742ff04c3e,0.025689128446348818
ck_f56073911c9f1ab7,0.003956302683078749
ck_51bd5f69b4fe0b92,0.61986808093383
ck_fc3d95030b81f416,0.0013184316904159838
ck_cf78169633a1600f,0.009291564744071796
ck_ad7269eaa65c67f9,0.020940117799376802
ck_cc6d33890d47a6cf,0.03823856377010829
ck_bc8f31f4a2ffa1ae,0.009028895653257079
ck_720776a46e56dfa8,0.011016791339221519
ck_e2d1f212f259539b,0.007543569112726917
ck_eaf6f7082c3db2bf,0.055893339194806435
ck_773efe58c6278c3c,0.01452817959766967
ck_c4a72c09f2fdacc4,0.019694524414511257
ck_8982888dd6611143,0.001968163104058225
ck_9d5049e195eda029,0.018213254506475665
ck_de58ef6f9fe2b546,0.018377482594670334
ck_c0b50c11e4f5adf7,0.028710242410607628
ck_ddaf228487858bb8,0.05859370466402942
ck_eb2323215ff70362,0.04702554838353602
ck_168c96a1a636ea15,0.01447792356574381
ck_9c46711b14d9eebc,0.004379212371679437
ck_de8af660806b97b5,0.003849832888587827
ck_6ab83f45bf16eaa6,0.008091059589930165
ck_bf2228a052815840,0.03097883287758236
ck_3f943f20a9da9bff,0.026375718121971536
ck_3baae40454c00938,0.009796232775651339
ck_bc2e771a1d8d2dee,0.05754897679905247
ck_e55f5ca37f30ce8c,0.008634996613759008
ck_4ad5937bef176d89,0.015043864399168334
ck_126531a9126c17c4,0.002129994647707134
ck_7ec423cb56257516,0.025974726469871773
ck_54748ae0f2daaf10,0.029722082624457438
ck_ff24776280ceeeed,0.014607553096761929
ck_3c3a1a1365741bba,0.0031746923693996296
ck_615277c8a4e2b18b,0.007877331673347882
ck_a96aaef34173aee6,0.06470778846935334
ck_bea56db7f3e930e8,0.005672293175376794
ck_ca491debd3b32a59,0.03263785602757293
ck_d9ea77f4114a389c,0.006695360094005554
ck_322ffda3332d08a2,0.030263795642280163
ck_c40ffefe4e30b001,0.063865115223126
ck_3b1d7648d4580bef,0.009899539352001326
ck_23981a3261674131,0.007973697320534157
ck_11667f5b9fac7bc7,0.0035245096343720205
ck_646bb3c7be5f0817,0.00522438431584476
ck_ebd0a45712dcf07a,0.011146116009540526
ck_baf43bf1bd963f9f,0.01681321480258109
ck_e0ca2c819658f6b6,0.989503970461181
ck_f0d6633d0834fff5,0.06587697536378603
ck_91081be0254878a5,0.08359915336542455
ck_1325000bc7f35b5e,0.0027175091340392215
ck_c624b9063400fa3a,0.06855850556479307
ck_0ad6fa0e23c3bd0a,0.15040918873670328
ck_6ddb55b1f23c6cb1,0.02811214396054957
ck_dce1fb3acd65562f,0.004323870531293095
ck_a9aa389688ee5aea,0.011213628837579332
ck_5c5284c45d9ad8bf,0.03296561487285032
ck_9ce743dd3e92549c,0.02064509996010814
ck_8342e08cc2f9bcb7,0.005907698501939849
ck_25e551a0a8d2fcc2,0.03786632025547856
ck_d4fd0e438c97e0c7,0.0778833300126045
ck_ac7fe1c344190c50,0.009066030964703164
ck_ddd65711b5651f89,0.0031987806262415023
ck_ec7406cb5cbc8f10,0.012721035238126408
ck_1c65e8d5be3b9c60,0.26502403245483885
ck_38ee42f15a573e81,0.019284625115151794
ck_0e5385c70c6de025,0.005686740922460597
ck_d3137f0f7629040b,0.0167934048769038
ck_9129c92c12e0c8b4,0.0026675662486417813
ck_c86520a00e50a926,0.052083449183891975
ck_87f82b2b5fee757a,0.020066822168972973
ck_643abfbd7548d0c9,0.1022558761110409
ck_be51f4e5e6b85768,0.0984824309083461
ck_132c16312f37810f,0.010342242326388154
ck_c78c096ca8cb33ac,0.002318891661976412
ck_2ce5afbc014763b8,0.018273916719958015
ck_50ed8f4e7ae6710f,0.00434967556170477
ck_5a4eb535c9a11993,0.011726466689875831
ck_9b665ef46d785324,0.0076337751252952505
ck_e066f71f8b296b7a,0.0049907668580042724
ck_560bc6017870ab06,0.010363384119761003
ck_fd78f8a8663646d7,0.006685826648154634
ck_4af5ec61ddbde1a4,0.01788000516501325
ck_c2ed04a9d218410b,0.008541542345619236
ck_2455d43bbdd2bb69,0.011907936081840816
ck_56eed7041add49a1,0.30310245224087956
ck_5f0be7b468a72333,0.006520677409539482
ck_19660cec756632ca,0.003928299106879788
ck_fb90408f4892a21f,0.021874940692900698
ck_833a65b86a5d9bda,0.0023157800585649007
ck_2ac36e1dff211d38,0.022119517660234726
ck_c00e70606904539a,0.004962961541997124
ck_ba8affe4b9505a95,0.31998665592348163
ck_0c3dd22587b08018,0.009591502130969147
ck_618c4e5cfae99dcd,0.045619278030582924
ck_c9690baddfc4177e,0.0054247319308763555
ck_59fae092fb0c4aa3,0.019754948163459587
ck_e03b7d0fa0b28f4b,0.003067391256607834
ck_d451d24c780b5884,0.01369953480228114
ck_e980d325b8dbb8dd,0.0019282411110652011
ck_cff18e2d8c520272,0.005155591681960647
ck_a0e46b67e986ab56,0.016836621663012072
ck_3a469039a5b9d963,0.0066072947762055075
ck_12cbb211ebd2b437,0.04559430012880239
ck_b8cdd6d6dccc4554,0.0019128244975311444
ck_794ba5921cef50c9,0.027108439545386845
ck_2c7667f64edec2b5,0.008598844403637073
ck_7262b4e0c29c942d,0.01184582432997662
ck_5d818522cbfe2a54,0.03751065848145833
ck_de39c1947fb675ee,0.08732546810740362
ck_c021495606b4735e,0.010458913447092561
ck_1fc03ba33edd9e67,0.025741376534510127
ck_a6fe344bbf67f14b,0.011121021553269692
ck_963762210edc5694,0.02344652403788107
ck_d064428b7e7dc409,0.005730717338495979
ck_59be61b53d971611,0.009494405400983272
ck_ec8738ec663cd2eb,0.012271239707170431
ck_59d086fab5998646,0.016926862260814305
ck_bd32dd3b2cbb7888,0.9887357230371197
ck_ce0166addb93bbad,0.0027955440263119843
ck_7c0fdfbb447cdc04,0.017001937635216756
ck_cb1bd7635968ed8c,0.2964186930264401
ck_66f94903177f20eb,0.003307296894196542
ck_1d7cd5dcbcdafd7b,0.4916943987054614
ck_5e418a7c04437b4a,0.022667870286218385
ck_631ea1ae91ab333e,0.022659802386748813
ck_0a8029e79a5ae7ce,0.03212881622300117
ck_c4cca8278bdad9b9,0.007242207978136388
ck_4dec3df58077a257,0.08041381734914888
ck_609c249edd88c565,0.007869829306121203
ck_02e5f9cbbbf2f078,0.011437071341576992
ck_32e486859130458f,0.779185373469396
ck_21ed2ea6386c5a07,0.0022212954225131892
ck_1242aa4496576a99,0.006057983360914954
ck_475ea9aa6d3898b7,0.10132037476989977
ck_fe1b1adae3be70a6,0.513446068043857
ck_c5414d7a8031d4f5,0.005181648180914048
ck_ca1f6f01868e978f,0.007657920585078788
ck_5eff0208c74ec714,0.01441678575170715
ck_a315c9619a317609,0.02031496217856855
ck_2b87683c90acb852,0.03436824632416843
ck_7cd9f39c50748ed0,0.005289317987265181
ck_16a06d58d71935bc,0.12350348431521
ck_d116e0e7c19b878e,0.2929874374459719
ck_931510e384b1d0cb,0.020135932612491112
ck_e7651fb87bb24132,0.003946343084241409
ck_88ef9f85948e1a01,0.008301589997633344
ck_17bf38d51115a8f3,0.0059845253036910715
ck_2659d1d3762a2825,0.011347971211523958
ck_a7285955e2852686,0.018274373680222084
ck_f2c33d5b65b321db,0.04990429251006684
ck_83e5979334345622,0.024144330092052545
ck_629537d8b4d0f395,0.014215922968611707
ck_72022008a92c9386,0.030420411466248607
ck_2973b8274f0bf69b,0.02123759240369008
ck_565e3418d2f4061c,0.005835500066449655
ck_54bb53b8f8ea32ae,0.981866084313102
ck_af0a6540ea7a36b2,0.009934928244133568
ck_888651bfc2c8cf70,0.008138145430528983
ck_1dedcb48ac381a1c,0.14595332623918847
ck_f73273e220296be8,0.028009809425593973
ck_8424bf65223a5a9e,0.0038028510895610837
ck_337b930fd149a696,0.01189434778681585
ck_8a4952de8a123ef8,0.0026129107585691645
ck_884168153c9c0c81,0.003999325899795594
ck_fdda581aec411010,0.00230650122385568
ck_2b7cadbc8b180d32,0.783447329742776
ck_8aa8b9968233a1ab,0.006891573489566788
ck_0af18b3ce015d294,0.0031458487322899207
ck_8dde670a735d1e90,0.11336740392012212
ck_62f46226f244139f,0.030524531887834272
ck_f948e8a8fdd79b4e,0.007948088464398439
ck_fa00aa0f3e859904,0.02122006376163616
ck_fc7935f784a4f249,0.013940562512762725
ck_e7501307c0698e5b,0.016665969154900834
ck_549ed417f2834cee,0.03222990298765692
ck_fb2a35571ec719d4,0.06053161197965479
ck_25822068c86c856f,0.0015624416772997275
ck_8f35d229b62c8f23,0.012782747893688835
ck_bdcf049c1e7d0c95,0.012168005441990084
ck_0aa9db36eb16422a,0.0035567651315427558
ck_42dcf92e9e016922,0.02209564111528694
ck_42341cf31c08c981,0.01069229949672952
ck_0b20bfc515ba42a2,0.07894643070376503
ck_0ec820b670d48098,0.002096066972738256
ck_1f0bafec397da8e4,0.02697807124543515
ck_82f07504ab59ed33,0.03058432908444232
ck_337b24a474010abb,0.9940719954717461
ck_703703bda38fdcf8,0.0170227049543124
ck_01e7960c63dca3a4,0.9062587942951145
ck_be5bd81e3715cb8f,0.6724043437125672
ck_197f8058cea1fbea,0.0012836649108153863
ck_eb3fb1106f2f1b21,0.06273016131986972
ck_658b4b54be09a4bc,0.9759838846492199
ck_266ce7ccf41ccc50,0.013234176215061708
ck_110608c3b03d4038,0.40774108613275695
ck_1be8cb95d6d9bbf8,0.003261933936350297
ck_8e16a64a776afa82,0.3469161149174873
ck_34bd190d37eda534,0.060069535470162194
ck_4f521611ae14ae66,0.003763223920758253
ck_d839798f9520363e,0.08309385488697954
ck_d1bbfd246c0ac9d5,0.0267531194006507
ck_f19030e6e85a6776,0.0599697953062769
ck_cdabe60ab59f9d5a,0.010066250711121726
ck_bb84b2b30293f566,0.4263381689340089
ck_427b91925952cb40,0.024955993992197514
ck_1078b1e155b5b640,0.009455368899744302
ck_95fdc264eac72fa0,0.004383022066004828
ck_e35eb857c61548b2,0.49293137059543346
ck_69bd0b1abea7e1f0,0.13870531109778045
ck_59de511b20c842ba,0.029979996975979306
ck_168e7ea341a36b80,0.007116905989353052
ck_4937cfa6526ea138,0.03698981145967723
ck_bb1a981306b750ac,0.07122589526858566
ck_f42a43e4c3f34ccd,0.0038157703456391493
ck_c7ae1d4b3ab38185,0.00529145077392161
ck_bd23cf9bba1dd33f,0.04427687609885806
ck_0fd826fad7ec7cd6,0.06127930724692861
ck_f143641bf3dd0414,0.04793250770463334
ck_ad6d48c20a3688a7,0.0025163236086410486
ck_7bda5b5b927b2905,0.09315091015592647
ck_a337eb38eefdcc88,0.03474287185916233
ck_403da2a2d800df9f,0.1953147741984127
ck_aa01d5aafde73d0a,0.0017311603959216273
ck_494954023f0eb309,0.04947958022025292
ck_1c6820fc38135ad9,0.0285348553535186
ck_0e0bab173622db9b,0.11120415931077934
ck_547090bf35a3b243,0.011594125906733373
ck_d69455220b21dc9b,0.00536432084970326
ck_90b4ac695b9c6bf7,0.01352597087359389
ck_8d2afe17c0082e6a,0.03110538335474041
ck_926b81c0ba528eee,0.010055488900921295
ck_ce36b0c287bd198e,0.036760884949910894
ck_8026e017909aaa6c,0.00815501711827328
ck_dfba788f35d4c372,0.009685643044607867
ck_f09f9d0e0886e0c6,0.009869899598385162
ck_4ffe0366df388604,0.038050334892429316
ck_75bb521de55644c7,0.005141296050995466
ck_81a960fddf79ecf1,0.9593098274925362
ck_8f43459991ea511f,0.012140887344564935
ck_f878b68d66fbfd4b,0.0021212415830036326
ck_e84abfc0c747c9dd,0.8436236305008622
ck_3ad3fd3cceb56b66,0.9054267365411235
ck_7cf562578c7f158a,0.003757432807997127
ck_f81a97d350397306,0.019823074825045563
ck_255d87b7fb40caa5,0.01680060150762665
ck_b3905153b9eee924,0.018782303437950426
ck_2c80a592fb4cd6a3,0.005214871041996841
ck_57deb202d4188a29,0.006553954036942112
ck_e3cb5f31d8e94448,0.9572649661616331
ck_0db62d5f7f75f80f,0.02676725950821955
ck_ced9163ea85589ea,0.04139406324691762
ck_e16528edc694fb33,0.9003482298014359
ck_78cc5ec4940fec3b,0.0038326066983328123
ck_31742076e9a998f8,0.018785295332270604
ck_5ac335f02280271e,0.011050148727075026
ck_7cc2e091806cfa5b,0.05872096836418821
ck_3152c7115257f084,0.006373493577042569
ck_ab1b9d019921bca7,0.011275632976934461
ck_c33a762d98f9b290,0.006560938353659368
ck_b16a7c51b6f7a6b1,0.14244151223458074
ck_97402a153348e68f,0.005509728972211695
ck_95391029a21caa24,0.02235660523139895
ck_c2015a1200971fe9,0.011470809172763163
ck_ed4427962c68918c,0.9661796601423571
ck_c5e4a17d3efb19a4,0.45098356880649065
ck_8aec3d3dd51517c2,0.003276505632709777
ck_f5178a658225d8e4,0.004196403164821707
ck_8594f165e95316d2,0.002636147565763355
ck_f0c4aac04076a6dc,0.015303559896624772
ck_ac2f7397801036ef,0.02079700611406242
ck_d1ea4bcc407c7d5e,0.005020643655214886
ck_cce8b6657a538fe0,0.016216380472271863
ck_66d0c6d6b67a8d58,0.013238884296390257
ck_1a6b30320835e57e,0.01847718084629702
ck_8cd274cc85aa35d1,0.022887164558550485
ck_ada46085a78280e4,0.015583686355028298
ck_ce1b06623e4a815e,0.0022292003430342874
ck_45e70c8a9686580c,0.06611032105740197
ck_0084d8ab6b1044f3,0.0068995597454927626
ck_a5f7b6fed6df2aba,0.04965609105960568
ck_94940d783e7988e6,0.00887982170941275
ck_00f9ca84d1d8ae7a,0.0033850069271498468
ck_0deb56f3f6452818,0.006609677402758753
ck_a58e900469dfc3f0,0.017521036670364407
ck_028c41b195280980,0.008716100705996079
ck_7661d7ceaeb19f97,0.014276284953025537
ck_6957905a65c47879,0.04012366995721413
ck_f7c6c26ef3c4ae06,0.020722310685517047
ck_8777beb11aabd66d,0.00894839195550776
ck_7db098a17374bbf8,0.8375852807939437
ck_66aeb00e44486cda,0.18624815922960863
ck_838c52cc1d315ec3,0.01240883412496219
ck_1745847cd4e5dc83,0.02441521487380039
ck_201687857ec8b3cc,0.04162675055650841
ck_81818169208a8cda,0.04189530987636206
ck_3303fd3f64632c7c,0.07245730278929267
ck_edf1096809e83ef8,0.0017794008592124538
ck_235ce9603c7dccbf,0.03276687706759919
ck_9df7e153868bca13,0.008773813266237884
ck_3cfeade2cf270fee,0.00796482085588297
ck_982b0bf2e2b6c4f7,0.004133826998025557
ck_faeb0da678bb86c0,0.011661258267737725
ck_e86ad2fe815b6ed9,0.01045395622763673
ck_70d69e5d1bb99e85,0.026778574943744818
ck_7e9a8924eab779e6,0.9591666986248213
ck_019d5891103e7da3,0.01181875502713511
ck_14f0484b3817eda5,0.03589128603389295
ck_85de63d278f0fbae,0.0019354305629267084
ck_ae91b4cff57fb3bf,0.013709413919595608
ck_2a6d43b9f883b78e,0.48493319509519506
ck_7a4e3d553e8ab5b7,0.15164181823703485
ck_fdf89dc69f700f84,0.1782067702378843
ck_f92e04024bf13558,0.0013284763851533852
ck_4a522ca2dc4831a0,0.0014445639213684347
ck_68ba25dc3385fea1,0.0635162085472948
ck_22128a4f0d033422,0.0154369567068369
ck_5b52ee0a13c71590,0.007982132349596228
ck_59472d17debedafc,0.02563964788050426
ck_9dde2c63acda3ba3,0.010766934007672098
ck_7510b1023cd08531,0.008743698074695369
ck_071ddaaf2e4e3671,0.011326210495724572
ck_1355db6f4010232a,0.01123481772335165
ck_0a7adc2f27f98510,0.056522388305495566
ck_68250033717cd59e,0.007465498931599452
ck_7c12de74de30b788,0.41916586062847394
ck_65491367584c730c,0.01678678915270551
ck_e9047964952bee70,0.04112552089125868
ck_5567779d6ba184eb,0.023082833709831954
ck_d6ea026357ec6477,0.016110031146772178
ck_cd7dcc884e283746,0.044260050579753976
ck_0bd77fea8ed75a15,0.025968900100830403
ck_e80883208e8d0453,0.012532858007099234
ck_2ad0ecbacd5acf8e,0.8506457749314262
ck_6c1dbee7e8fdd5c8,0.012348852025581107
ck_ee4d9a7449515908,0.0037697916783712947
ck_636111f7f030496c,0.004515927478807288
ck_2c629c657f73941f,0.015312488117695514
ck_c1c9d3842d758420,0.10030399740269476
ck_e4df7faacdfe8c40,0.016540908199378604
ck_94e8142728e44380,0.023337795986200116
ck_765aaf42c5088545,0.01627953888499654
ck_e0f845159b6e6a4a,0.024325664418916176
ck_5bc07deb82edbad7,0.004386838632894602
ck_713159c5c6a7a4d0,0.9925437884536059
ck_b08afc91d9ca55db,0.027626126584522046
ck_a7bc323ffed2ea97,0.2306539856027347
ck_85ca825f905a34a1,0.0281271841493059
ck_33160c443d4b3f19,0.007604074114280721
ck_832d39c590a3ca75,0.8785890550137455
ck_7d1661a34164406e,0.9744653043400322
ck_c2466fc40fc9d5ed,0.9802987159032897
ck_ed0e776c0926ce67,0.02450019011760307
ck_cdd2ebeec75bfa69,0.05251640338857026
ck_d7877684c7923ec3,0.0048294582229290485
ck_7384d4d2406aabf4,0.0064819197290074005
ck_b8e5244e650aa81b,0.028004902277273723
ck_25a1ea40b2d59254,0.0036080085990498815
ck_b9e5b318ee4de68d,0.006595546961259858
ck_620d7ae27af83cea,0.010722441149907681
ck_40b4e264d1a12b83,0.8992539682990525
ck_b694c803b62862b3,0.009511236099270444
ck_cbeca201dbade3e5,0.01441982630408887
ck_f9b439c9161c3e52,0.005190338062908408
ck_9880410fcd10a28e,0.005086625069316447
ck_74928f5f91aa12b2,0.0629402730732439
ck_b6673bbe61d2680d,0.03753954666388233
ck_53c8315b5c30acb4,0.004433410634265146
ck_78f01d78ea79642f,0.011221437432146637
ck_8582490d6e365a63,0.011851670828800235
ck_af25c72d16299258,0.006975820060142544
ck_7905fe8e257b0449,0.15595164724521315
ck_0d16d9349e4a9e08,0.00900886247481551
ck_31b16b8848584e98,0.05390941086857573
ck_67207e3eecc02d76,0.03149611039402304
ck_e6b95ff91116a592,0.010016558246557419
ck_c08f622bcd6de6e7,0.01926394871221793
ck_f9a68da9e0f0bc85,0.0034325727855502477
ck_4072b59388976896,0.01113196487999948
ck_8ec86e853ad52828,0.10381768574653669
ck_4fecb87eaffd5cb5,0.004590158422679461
ck_d6880578428b965e,0.11922656062398504
ck_bfc82b3c1c9f2897,0.9458389345937763
ck_c340644176ca03e7,0.030633270519881725
ck_321e740066fb05c3,0.5704697855889878
ck_8929d2eb09872052,0.04682428161955053
ck_205c107cec528414,0.3059217735012768
ck_e76db7d2562f9836,0.021654556813572742
ck_9ede51c8434cff6e,0.02914770990186953
ck_492e4b89c61b7b6c,0.014781240971422832
ck_9385f5a1eeebefcd,0.03549160421379688
ck_ee52c7bf88f952ab,0.011839391864691129
ck_d8116c34302021d7,0.006944341623912504
ck_01645ea51972e99a,0.02247369352277605
ck_7b45ed23304a854b,0.02113066630996495
ck_2096d32f3d497ea1,0.36115866712410916
ck_dfbb2056f1ef7d3b,0.012183534746107142
ck_938ce30c864bc7df,0.0016945168845578116
ck_ff30dda2c881a4bd,0.4195032678631161
ck_f88c79186a082beb,0.014618799339684565
ck_08c7bb0f9851cb76,0.0739629759543603
ck_2675e7a008e584a7,0.020986691577513802
ck_cbaf8a954281d4e3,0.9799997718984126
ck_8b24eadf6c72b30c,0.6578121223682252
ck_ffc8e3c1377d0706,0.03394132246266778
ck_5b59e859bed5b40e,0.022878116416634335
ck_7b61717f172f9317,0.9505098639872119
ck_e5c30947b732f661,0.05294874294449103
ck_bc273f3ce79f7e1a,0.005254258858600224
ck_f69e93388b3028cb,0.25265828766463727
ck_3837ad850996ba60,0.019276079936249434
ck_36d78ff3bc033ee5,0.020349952461787772
ck_5e20953547ba4135,0.11684882562859181
ck_258d661e450ac870,0.0068225585711389845
ck_1df66f537496ca59,0.04781397599459347
ck_361f535599110201,0.00785779626401799
ck_337e98c69f6e7886,0.01223217464738961
ck_d3d5b2717cfc3913,0.03585288148062866
ck_b1dba768dbe7affe,0.03401077599866488
ck_92d782bd9ce0d1e3,0.024136657580383365
ck_26bd0f8898afc8ba,0.004774377004392259
ck_7916e53daab36745,0.3510558317866832
ck_2caf553b31831a50,0.008464839259059892
ck_c6200734c7f9b2f9,0.8214891512238569
ck_cdc55623cb16e6a9,0.007446814093011514
ck_57849e15b61c43b4,0.020561524492321476
ck_b7af9b2ee0eebbc6,0.03446102897624055
ck_00aa5fc3b3bc66aa,0.10530660686025707
ck_9929723f65636c7f,0.9825944425165684
ck_8f6cce9f69912983,0.01633589483003674
ck_c422ba389ff00781,0.006098248705872277
ck_9ec7f334604a228f,0.02609100166545853
ck_5d01200ba3341462,0.01563909187105509
ck_2bf10be403849c9a,0.00918779574825345
ck_6ca018259f70858f,0.005446965293911065
ck_a54dc042ebb7c766,0.2691283212007909
ck_79da63fc100830b5,0.015100112839734222
ck_67ab6f9e05c85085,0.01428892029132085
ck_fa80da579ea9afc0,0.011391447711903733
ck_4339f86c87289222,0.4781413889668381
ck_a2299b4f530be0d6,0.39667121644660297
ck_19db0bf788697c2b,0.014439166095623266
ck_fa4211c4d826d830,0.0016666072764487834
ck_96100d5e8e051e91,0.005025174089710356
ck_5c3a671883d58b3f,0.0024503363420853956
ck_2d9524787cfe1ab3,0.29068998493309306
ck_47ab8e51e5b3a2d8,0.0041197495051698025
ck_c924f36bc1bbbaa3,0.009568431364911173
ck_5c58e7f8fd55e26c,0.003478176740329457
ck_a07e7409d6d5aa06,0.022452288358791213
ck_c8413898f5f7cb7d,0.05703927074124451
ck_577c816b41cab002,0.6553713284265992
ck_9f7807ed64cdb728,0.03962539891940861
ck_495d814d6d6d521e,0.0046649138683270116
ck_7aa8bc018c2b003b,0.00375935775530678
ck_7c3a6a82f3c3241d,0.018321621428886617
ck_487f7fbc290e4ae2,0.002983416105077393
ck_e556c4d36aadbe03,0.0019735512031920947
ck_7e6569a1b2455cb0,0.0019867398121447
ck_de2924955926d046,0.016418744806383626
ck_73d60b4630e3937a,0.005471292826990143
ck_805ee564bd35ef15,0.07516359424605246
ck_0d40961e47797027,0.008039262289289008
ck_f06d00a4f9c87d80,0.004930689807617656
ck_5ef50fb07b6737d5,0.008813032775811119
ck_16541fc15683e21c,0.015795298495328573
ck_09fd43f1b7e2eca2,0.004903309438905899
ck_2a2c336a69b8d68d,0.07665465182939696
ck_2685f38930866af0,0.018869309922044438
ck_298278a9da874437,0.0173744311174007
ck_00bd7803f2530c68,0.014939697546251433
ck_c2b4a1d8c0b6c1cd,0.005346352382657477
ck_2acb54ca20c3af6c,0.04321589110878513
ck_e3d4b6f681c783ab,0.052290173516152685
ck_f90293f1eba5d7b6,0.08624702753168587
ck_e69d27e8965df0be,0.0023880635312964987
ck_b7f5d10b427346ad,0.00892899963114729
ck_1ce20e4223a936b1,0.01096673718285724
ck_6b97d1ab90f6bdeb,0.006888517754208581
ck_e30e17db5473c7b2,0.0044261838200978215
ck_154c8efb19dee665,0.00860374176748032
ck_6f5bb0c930644cae,0.9957816527573706
ck_9e17699baa83d173,0.004692774623137342
ck_9693b1eb70880205,0.011849822919941824
ck_1e97899875bb427b,0.011560147004373182
ck_558a82590f65df69,0.0024224947341596444
ck_18df83242ff3cdbb,0.053564028683653724
ck_80ad4396e1084c68,0.08679356769422263
ck_0a993bc947bab61f,0.05641911385614187
ck_5c2d43ff841632f9,0.006609472745067294
ck_6e4b99fb9725d9fa,0.013251439486790903
ck_e0983999ca26c19e,0.06333424023410318
ck_6573c4947cc8607e,0.048595405127877356
ck_d879d645d6e44207,0.015390538868928907
ck_1375ad9f10688e4a,0.00664166996920244
ck_7501ebbf4e21f160,0.02093755141109567
ck_ca60d61cd4dc3bea,0.0024576510156960147
ck_ab9ea095a5c58b4b,0.01243469854063272
ck_23756522b58df5d8,0.0036421577663732782
ck_90bc176c43d85fd5,0.23684494666576522
ck_908b663b2dda94ad,0.06349030303473277
ck_4df2fb8e4b649e27,0.013735930415641692
ck_5615c6bbdef05291,0.14469720374411865
ck_b62f3e3185251f71,0.002778492412390015
ck_38d1a22850178f33,0.003277715969807746
ck_5b3ba20c8bb1383b,0.014902518513362554
ck_5576ffc6aaf6f22c,0.001414767365097889
ck_cf7a022178165e56,0.004702196836831344
ck_f2c7a4c50e2ede96,0.015842340074936886
ck_285719c77eadf915,0.0018927619524519317
ck_f2aa1b677619ab19,0.005514256629752617
ck_3830c58d841e9e69,0.680277331801077
ck_32eba3510c8eac5e,0.013403072754345817
ck_8955d7b9030d5eb5,0.0030921804498336095
ck_6775e387dace7525,0.058633356180587765
ck_0a0cd7f4be606a93,0.0670425965157998
ck_a9f700eee5d638df,0.013521097812034312
ck_3d7db96995745472,0.010918067168943345
ck_aeed557007d52e9c,0.0018066846195818336
ck_79b6a86830156b5a,0.010177361962035959
ck_6a1ff9d69466181c,0.993281892417601
ck_f11b1565f986f5e3,0.014890183350500883
ck_4819327a78615485,0.002965573193626482
ck_3ed9e081959b2f5c,0.008548598008133089
ck_16af4be191c47d3d,0.0010978551970450567
ck_25122cc0e8b1a662,0.041130086522572586
ck_509c22828d467ba3,0.06314652843483623
ck_31109c899336348d,0.004122511815774551
ck_c51131e53baa59c7,0.003102512111042911
ck_cf8ecabbc61d3e11,0.022244731911825723
ck_eb6baff0f85ba936,0.022361270211331358
ck_777669e2243204f2,0.8716797801019838
ck_ac0ea27e692acdc9,0.014071779496664988
ck_4c6ea04ce8ca9e2c,0.013042165756272435
ck_ca54b32fca7e94cd,0.009599665955514963
ck_4dfd8947f540eb24,0.007983399125946481
ck_95aff1fe27fb24bb,0.027068896262697553
ck_c7550723b90e5615,0.00674049593468228
ck_57b3fee69bdf85e8,0.004139233773561033
ck_f823407ace7ff064,0.04087533015079777
ck_a69084a068bcc8aa,0.030839182144529353
ck_c7b17f7b24bef5d7,0.03986644662376508
ck_7c4e588f927c27c8,0.025491518326678217
ck_77fdac602d0c6f95,0.0702768053995593
ck_e963d8525018d072,0.012258170835266737
ck_6e8ebaea8f7bffaf,0.0015523550181526242
ck_aa42976a31cb7770,0.004789214120766142
ck_22c862a496008c96,0.9958854163790165
ck_527550dd15f38782,0.033614239408497754
ck_b3ab3c210e2c7c19,0.029826873428661985
ck_ed9c56fdb9f45ddc,0.36822028363086784
ck_b53281da70defcfa,0.013035844604863529
ck_03009b721568ee98,0.029271544458586908
ck_3d9afd862b3f4053,0.5909416925082731
ck_ad3c4be96599554a,0.008578107239461707
ck_d1c787c27d50af49,0.034919223967661644
ck_c7a9c7b2eef46a99,0.015500785915239363
ck_53036d3c6c74446c,0.21004455087142443
ck_1b1efbd9c0964c8d,0.01826633414840834
ck_d66f42a269d5c1ed,0.021787858515637623
ck_fefc49a2b8ad993e,0.021662578924054803
ck_8b3b874249adece9,0.03947708081929982
ck_193d9c87ad3f1dad,0.0022465137875077937
ck_0c6a50d747593b7b,0.007856927842295152
ck_c830f3830875b47a,0.019505680034053625
ck_79e202f06d8dfe42,0.018246654065864253
ck_5c0fe988b8aa7fcb,0.12048905901267756
ck_a8382d8345f21e1e,0.004337123372514711
ck_8cb20053914692d0,0.045535122616924724
ck_1da2f69023ca4c13,0.0036765334462254586
ck_38abb60995114f8f,0.034858221113521416
ck_f5791fd8fd8fd191,0.0256020897873611
ck_a4e6fc391b674335,0.5123321202336011
ck_bd771efb4a7e15d0,0.0077289122382271725
ck_38ba4a6b6a292054,0.037365608649178386
ck_f7a07283345a0dce,0.008542978177233474
ck_87dc484baaf5a23a,0.004785452098056308
ck_c84ef83489badbfd,0.028982915766603536
ck_a397cd64ec5d644b,0.007652529509993643
ck_7977135c2ff61e92,0.012988208072557246
ck_52174855b243a8b0,0.05046070678461013
ck_0f35e930d0614613,0.9716043880614437
ck_b170a7db522a0d6f,0.020978604868930585
ck_7af748a23775bd54,0.12106865960041974
ck_52f641c9ee6fda70,0.00443598521627945
ck_c3719a30414bbb4d,0.007376090549945926
ck_2baf214ad6bc0dbf,0.07810173377217702
ck_8b39d8aacfdd72b4,0.010315554268081645
ck_d39b0152116203be,0.012921316954900819
ck_ed33f8a937f9c7c8,0.02578022437411059
ck_8ef97b55a5fd6ec9,0.003607352619634906
ck_8247f008a14bd1a2,0.004803470346697756
ck_f0d349d68249d5db,0.0016829982408564218
ck_a544e766540861fc,0.011818983689475721
ck_9dfaca4c7c80b10d,0.045133453805560844
ck_7e5401c362b2216a,0.003833588994905094
ck_64ff60c073fdb6db,0.0286313474370504
ck_fc5ea49518e5d637,0.009923828859386967
ck_580f136ced341298,0.0036062872087016906
ck_9cbef9bc95449dca,0.013024632484540945
ck_e475a3b8ba870a7e,0.010194113023915739
ck_97e94708bcf43563,0.012351791944536887
ck_13f03ec785cbdae1,0.0022995194903418165
ck_152820d8817f478c,0.01110931675140069
ck_d20d4ba60eec9945,0.010759789589127615
ck_5c45968a805132e0,0.031259297892921686
ck_bebea2cf3063fb24,0.0289366810590538
ck_c3c69aefe7ea1d2f,0.03036719154021726
ck_02028b72f26fe855,0.007702179305909384
ck_dfadff70a58a9133,0.0028658643335961126
ck_6482ed4491bedcaf,0.010308559978398663
ck_754cd7b4a5ae3f94,0.02485567041845603
ck_3132857aec8485bc,0.0018302708241160902
ck_7ce4ca91b8f9f1c1,0.009414671753056337
ck_41938582f4351772,0.009147583826380984
ck_f87d66946252476c,0.1920714547727636
ck_8053f1879a9b4e43,0.003124434970263406
ck_93892e91387f5103,0.030252234247456877
ck_15254db133b28371,0.012976643152729464
ck_d557b9feb241b3ec,0.0027027608125949265
ck_71c3a8e4c12c989f,0.00801988367656373
ck_80e3041811033443,0.028606724534963907
ck_3380d60067b4634b,0.0032350810254544926
ck_a9c2cdc758df8510,0.06126111961992314
ck_3c0031d7514da17b,0.021817747403339055
ck_18d214b1418be39d,0.00368436315235167
ck_7ce768407fd48321,0.041073085112881415
ck_7a50abd42298133b,0.009951982013849793
ck_2db10f987d137582,0.025961705411255226
ck_e077d004cd1d80ae,0.010521741648977194
ck_1cb6dc67f9a321b5,0.1253193193236148
ck_b864f64101149c35,0.14881761500320015
ck_9bedf54df9418e4a,0.005985886037171598
ck_c47e32c47f0e6578,0.259746695688867
ck_71f382d5e338daa3,0.005304063272879212
ck_14b4bf7be6ac2b61,0.05639109995335185
ck_5c87eea1cc07cc92,0.05653172096136884
ck_5f445182829ef342,0.03665405471009498
ck_a5d7311291caaa54,0.006364672192285519
ck_b7df99aecef385e6,0.1128911559085684
ck_3327a0582407068b,0.03268723225493883
ck_08dba09fd7dab896,0.025250882417491984
ck_f4ec334be5266378,0.003534973331776696
ck_240f7f894c5a86e7,0.11987882011670775
ck_a9d994554fc14a02,0.0011505318656278736
ck_13648cbd306eee6d,0.012831168309566987
ck_601edf9105b3c321,0.9857099909426432
ck_9527adac182abe57,0.21185670739809323
ck_4e0e80f5cc271bf7,0.0021818146045204556
ck_96a89e720176b389,0.07427066980956694
ck_63560eec94b76d2f,0.007935660572932495
ck_c9c99e5b19aeced8,0.0022952931920623442
ck_bc32655ee5ed643e,0.018088257043817186
ck_edccb5a93b741744,0.009195354029577798
ck_f786cbc987b70930,0.0030809790397933507
ck_0e8f26536ccc8947,0.028020352680843068
ck_b87ef4b98cfcec4c,0.026264634435733656
ck_1a9235812de4b2c1,0.012644688342394367
ck_d1ed88ea4211ba4d,0.0025392194990385697
ck_a4ddac49657a4450,0.013526304634042599
ck_d9ffca35188e49d8,0.012427322421825253
ck_3db73bbe03c3d240,0.003072534723754585
ck_fffa0622344a36ab,0.0023547097965138618
ck_148c28df51bba5e9,0.9577584399841839
ck_076cbc25c8f15fc3,0.9432616196490291
ck_e5ca550b39ed45bf,0.5708168723783726
ck_8dacf3a2061ca17d,0.02576767738694151
ck_2d7394afd61643d0,0.007168006392322773
ck_e42206e91f6a1752,0.0010244043079308937
ck_2f4f94827984c426,0.001078032290593837
ck_edfe8e90e8f4366e,0.0038995137132263867
ck_646b15f753e5e9c6,0.029774013323789688
ck_66600620149c8799,0.007021016252761381
ck_4ff6fc70bccfba96,0.16302330486506433
ck_41af3729590c2484,0.007670977049703678
ck_920a48ba8c583e96,0.007208054832582382
ck_0253b3e7be021306,0.0024344812739651805
ck_2ae6949246ea2648,0.012875607095895024
ck_db23a5100f338d72,0.014149898931419769
ck_fcb2a559474c3493,0.022734038037921643
ck_0a4d7acd2a53cbbd,0.0066639287882812445
ck_c5d62b2b7a6f3bac,0.9821199984432154
ck_cf59f4fc0ea690b2,0.005299503032974414
ck_837be8126bb19250,0.006696597377293658
ck_58955542edee1adc,0.005253784123062396
ck_1b93381d8eea58d1,0.009428577431672875
ck_97b8e05d62abdc14,0.014935630350361917
ck_71a0d645744302a3,0.016468219237376513
ck_a7b57882ab66b111,0.002388416024265381
ck_65f76421be648549,0.011336963897636288
ck_b53ea8713d32ca7c,0.03385225736133992
ck_991c4c924a1d85ff,0.622178598884201
ck_8432ccec1a4ec7fd,0.9868230637011296
ck_64c1633297f43788,0.013254475779434487
ck_4291fd9c1161d8e1,0.021060964943090142
ck_5e98ed6391d9f429,0.03423443824170576
ck_c7baebe4549fdbb4,0.03298885745340345
ck_6e67225ba59fa5ae,0.041814019260080784
ck_719602def4d35fe0,0.01600305445398702
ck_bdee7c86f5ebe81f,0.020470135829126025
ck_8de38f8c7f91961f,0.029546335548798888
ck_b0b5bf9254700402,0.0062509615862495075
ck_7b55d9bb1a250d4f,0.03853207809906484
ck_3954b7b0fd1d6614,0.003268258160861786
ck_f29471fe7c818d6a,0.005031650572690202
ck_9e65a8a2f587691a,0.009686022422106016
ck_eaec5f1a83b66eb0,0.20371971404338812
ck_004fe0daecbe2c1a,0.008921264532074143
ck_d17653a4a2d4a79e,0.016923623980312656
ck_0dd417fcbf19e424,0.014107969064776717
ck_4c99a6eadea143e2,0.10192108307769773
ck_74d602c907ee9119,0.008486596004513212
ck_1aa87cb62acc0ac6,0.06023192227297608
ck_094974d75e29fb2f,0.11863851933421
ck_5ef935ac3d4d3332,0.024493730836184627
ck_b26e4ae47c9107ed,0.09955233756707976
ck_396cea6f95186ad2,0.015696766703924094
ck_48446a9e8184c7d4,0.0023847787169561166
ck_31e1ede23247d56b,0.05006478338437789
ck_7afefa349b960a3e,0.02230034253371962
ck_f5e02a3432571b20,0.05155850048183522
ck_64eefec062592c43,0.009025716959255395
ck_a1201284122c141f,0.03768191294321552
ck_1b34c420a4c85a95,0.013422203248313102
ck_d637a011332ba67a,0.010132711487450503
ck_99c0004d8b7079f8,0.004614266547493477
ck_948517bad569b40f,0.07791101885373762
ck_a28d6b1601b472a6,0.01773462265794647
ck_a0b4209feb31f5c0,0.9951000689441905
ck_d6d2c1f6dfc455b6,0.060830065235699934
ck_3f9e6d356d3dd3cf,0.001617032338304571
ck_d08e00c842b75176,0.012279890174743527
ck_bfdd232a7c5f2660,0.04446211973356854
ck_2cdad03ed069438c,0.03373198550435275
ck_42317c3eabd0a285,0.01962691207229629
ck_3eb73e56751c704d,0.02777874295013652
ck_ef33c04f4c9e3758,0.0458496652045185
ck_1dc23dc870f1773d,0.014078504196197321
ck_76091f357974a152,0.007689913050936276
ck_4d9eb75e8eee90fd,0.04783482394180679
ck_578f67e69e5d2cfd,0.0035333670253127154
ck_3a8ce1cc724229b8,0.0016089861180581164
ck_a96887f841e80fc1,0.02655039213639036
ck_d2d4a8f4a9f2c33f,0.0074259121405845655
ck_11f85bc705dbe036,0.03373094767937191
ck_7429b3f87528e335,0.0039492459583095885
ck_26df74feac7ec51d,0.016913155254793352
ck_c78b2638fadd91ab,0.011447832695295621
ck_7eaad325abe3b50c,0.0034782483830886066
ck_fd44e34af620e606,0.09689482740673304
ck_f99738dff854e25f,0.00181572487284641
ck_1ffbce3a239bb264,0.0044752584880580195
ck_96c7d52ba0a766ef,0.0463687169360114
ck_cb1c00c300af3f9e,0.042671015689464485
ck_ec3d12848ced99f2,0.008611407192102856
ck_26cfd7c3c6c7bf69,0.01836654396220861
ck_7ae86b5a885affc3,0.03277015747668669
ck_3edaa94d28cd48ea,0.00806536410286863
ck_3209c530c9812e39,0.007178107126623968
ck_ea62ebfc1f04b49a,0.006668828487928352
ck_5fc90b4668ea81bf,0.021358939630302987
ck_95654593cdebd141,0.00834394378290996
ck_958c0bd61820147f,0.03616588802739849
ck_8440ef1386c07194,0.005405157832851592
ck_8cd1b68dd74b1375,0.13466845583427367
ck_c9eb4df91ff07f2c,0.024819212949840137
ck_c29489366c01fe65,0.9504933531211497
ck_c965fd6bec0f0ecd,0.042604945120478445
ck_84c402b23766e1f2,0.016482694085918435
ck_181f3dae03b87136,0.04403220781539546
ck_022a8ae79eb28cf6,0.9323943567393981
ck_469c17407d17b706,0.026498617793997488
ck_1fcc5843f39148a9,0.01381906601731556
ck_5debd55f361b2ddf,0.0032193025031276392
ck_28cb9b03e89263f1,0.004630120656973729
ck_f067470743d3c7a2,0.026332413082559358
ck_d5d225ce41a1a762,0.02257993332043238
ck_15b4840922195ffd,0.036123529056457285
ck_6bcfa37c717f19f1,0.036606050849038195
ck_8d501a0386c66be8,0.15918599031273234
ck_1a9d6190c57ea7e2,0.26867592458793355
ck_c49832eabdac5bb7,0.003076260425813308
ck_b4331140b2e0d4aa,0.009091520813165407
ck_5efbea1befdefe1b,0.223008433210164
ck_72ff52c4824072ce,0.020043517425331885
ck_ec3715add8bbb6e9,0.005196252935697016
ck_9822f8ed05335741,0.011436201741112472
ck_c3d7d3d12a1981a3,0.007795646964387346
ck_a115a7919ac5875a,0.04222435339773343
ck_4dd4ed23e0b927b7,0.35524041168260956
ck_4c76efcc1ee6762d,0.020156415185008176
ck_3ad6e7bf452c9b21,0.009632056919168174
ck_dcbab304b55a42c7,0.011298829327581385
ck_24b53090faf722cf,0.009236214327918674
ck_187317383400491d,0.0091858422889367
ck_e07fd57565c94c28,0.06956580658649372
ck_740e760fdcd27835,0.013077457255927107
ck_d3796aebda1cfed5,0.791512997740435
ck_e541967c681cb929,0.024392426276341035
ck_431118050b834dcb,0.0025152076528484396
ck_90f3655f0c8a0074,0.001705064479397686
ck_13cd943777651aac,0.018622107772073314
ck_66accecabf3901c0,0.019487514536616787
ck_937f0da2306b2eb9,0.006036342969980218
ck_105b0c93573fd5b7,0.029425192999918574
ck_00480407160e0743,0.007397206757251518
ck_e032068be7b77d15,0.010707544340850545
ck_991b7dfd69098320,0.0024092403955684066
ck_37d47cf0f34574a2,0.004548578115356733
ck_011551a596544f5d,0.0029086950773728492
ck_9acd98f4fe2d474e,0.15685342474500424
ck_7c88d3d377bb61bb,0.04153851651050623
ck_e2374c7136c964fd,0.02738546522131645
ck_2fa8f2577116e9ca,0.0639223987332386
ck_d07c5b0321c685ea,0.16889108608833847
ck_bc736114a31088a7,0.032390080011333054
ck_32bb42f9bff197f8,0.03358585506839701
ck_66267bbad1f1415f,0.9859447530637148
ck_19988702ccd79201,0.011391569106503494
ck_f473a03fbcdbc4b0,0.009308101611171534
ck_e3f1d85fa5d49396,0.009148789853939035
ck_c4402ea6291df271,0.021911244978542396
ck_243bd5ca8c4ae5d0,0.005934263167668806
ck_f271e855925e8d6b,0.12861765412184167
ck_e424148c6f2223df,0.005083708414679144
ck_e4d0a9e1102a58b5,0.00839493351768146
ck_91c2a5fe69b9b1d1,0.009980976071167998
ck_5fd8924732fe403e,0.2591902476655911
ck_9a881d5433126ada,0.008943334257064343
ck_73cab88b29c7845d,0.030599960300951506
ck_5b5dea6476d4e182,0.016925650854559098
ck_ccccb17d2ca6ce94,0.0546192407215521
ck_cd1dc68e441222b1,0.8940712098781317
ck_8312c49b1431a406,0.007305935169009563
ck_25fea39897f2a559,0.010024379001349242
ck_f56200205280bddf,0.056551871267014914
ck_7336611650dcc088,0.0025194524289251586
ck_590716322ff147ae,0.050007362586849874
ck_c82364d87875a1a1,0.02203139259039212
ck_fa4b60387d744fc5,0.004156331135248288
ck_d841eba8906e9a15,0.004289127413544999
ck_d6df562a79b9d0d9,0.01154968782268145
ck_59a14d2564193101,0.00462777980861609
ck_8530158e3d7f59e7,0.011548977872307095
ck_ac68d707006c12a8,0.030251086230418105
ck_976fac1bb3dd8c58,0.008585445513970287
ck_f854fba8f4adae3d,0.035904717152146284
ck_b98e9c3ec6e7d1e7,0.016536387147751092
ck_803c0b4cf9d4bc1d,0.039689326453741625
ck_76997a33c3ea5107,0.001662843478483203
ck_f1a9d832b700bda1,0.9059628193224067
ck_2bd96ddb8c323d63,0.9862557521821991
ck_9e5b7acf51b1b743,0.034286289232396655
ck_09169f22194fd6aa,0.049800643394408255
ck_6d69e092f9b0848b,0.016699528661452738
ck_9f83fa5a2d3b9049,0.025267919779157225
ck_57bbb19eecb4b87c,0.003361890366281238
ck_e0e9cfabb979f428,0.012405676002128368
ck_b1ff9edc51d42f97,0.003620600751473758
ck_4682fad271d47eb0,0.8421356431097783
ck_ab33fb754c818ae3,0.03713723304381976
ck_b456f62b80e21557,0.0016378485700063077
ck_16340be3f2a7fffd,0.001959542329666495
ck_ce66831f6611014c,0.01433173967908565
ck_4610a073bb54d1b1,0.01724770651514944
ck_fd038a7d33a9d6e5,0.0034504288936473533
ck_c8198cb4c461304f,0.0298924717673815
ck_1e7de58822000dea,0.0032244323379182625
ck_b2a79dd3df560f14,0.04007527335402164
ck_74a06f347b32347f,0.009948396264954567
ck_c6fdb2972417c9bd,0.017963168309527138
ck_d7607a213b800bfb,0.04082888299846754
ck_df65967b8b40319c,0.0038280719870553946
ck_329a73dbd585ee09,0.00830603976977115
ck_74991a9e85c3b07d,0.009611717796731777
ck_bb76609b79e0bc9f,0.007955355315723526
ck_f7fc1bd0b9ab1fa4,0.024184814844099622
ck_d111c98b36bdb791,0.002252013557363977
ck_f07e27d125497b66,0.027486102872274168
ck_093e3a7134e11d6b,0.008731977263845232
ck_862c7953bdea48b0,0.014211455576180462
ck_392cf2cdd515c34d,0.011376881017751809
ck_80eb91b0b4001084,0.05213306100316045
ck_5923f53b77193a58,0.11766966435374826
ck_8049f5fce32be185,0.7659322462030802
ck_ebc5a2c6cf88e252,0.02154586626094564
ck_9ea5872f14cce338,0.022900240146971347
ck_f7fbc95ebf584379,0.020224887804143478
ck_bafe82c870356706,0.9612780101950753
ck_278b36c5932d9bff,0.005761763480138956
ck_6a892dd5d05c1649,0.016268748421947213
ck_0734fd90b2cabd43,0.011359991393632607
ck_9b552204498b6762,0.013643101138555368
ck_f6c909c205767956,0.03048346177338926
ck_32f590e87bc3d715,0.0011860029681775167
ck_66a8325f28be7562,0.003272390050820248
ck_b129261da9c3c3c9,0.016674113576388774
ck_a524071c51ddde20,0.009164219301141785
ck_ba576d6d4cb6130b,0.1981527181638315
ck_8d8226520722af78,0.04832628754554171
ck_c5b0f0d4f1655a20,0.047311634040407245
ck_61814ae9b6d8eab1,0.007163113224924394
ck_382ebf136f7fa337,0.31269016373929526
ck_423ff4ede6a9f066,0.011659028041540443
ck_546ad962d04b7de4,0.9631927656681667
ck_9473ea4a01c95f9a,0.03778486837177346
ck_9eb1da8cd35a50ce,0.01654813086885091
ck_de5eaa2cdbcb67ff,0.1719698354569945
ck_537cc97d0398c922,0.07618089920300386
ck_998475a2e4dfad4e,0.01471930117114995
ck_e62eb708d2688fae,0.012661044667833361
ck_ea623358f704daa7,0.08225596944263677
ck_b911a09f328dfd4b,0.0032879120037446158
ck_4b3506b624e5193c,0.03358640179493272
ck_448456f96788713b,0.017673869416135926
ck_5d5ef9e75f65d076,0.037200802184147466
ck_3b74512f774a6e5a,0.005464266670735952
ck_a032e8ac1507c6df,0.44869202635301325
ck_7e2d6b22a0ae20c2,0.03314668144835116
ck_d80283209c963f11,0.016942427294336915
ck_d1157eade2ac3975,0.028723258549279436
ck_be48f583f79427f7,0.01487836308606993
ck_0027b5d4107d65d8,0.028199891484452438
ck_94fff69584dd3b2a,0.02604501195512285
ck_75fcda73f0b43557,0.016716834047068443
ck_a1c78972e4ee4082,0.06119280498266072
ck_f0982bbdbd122f91,0.014248910109413176
ck_3199b471575aeb3a,0.0049675565131207765
ck_7fa947a0b1c1cf74,0.05300442092853885
ck_a60c618b7f0e4252,0.009725405763158512
ck_722ac47c8ac9b6c3,0.13800143119025138
ck_d44dc3839a195c8a,0.1667398406578453
ck_a2c3e82fab520483,0.029337963612709038
ck_6f8ae0319c07cafe,0.0035230908270959555
ck_49886ff1e2c759d6,0.03488386419580008
ck_150a1108f936e6b0,0.005094946874084518
ck_e21f9f96f597695b,0.008318017580374799
ck_7297bff2b7fdcbc8,0.001426224136026171
ck_ee949c71f4f702eb,0.9727188576295948
ck_6fc37dea4b4f35c6,0.15107002586965917
ck_e76257caa98dc25d,0.9797874056354341
ck_828eef2334e17b3a,0.022873199532464375
ck_604e1b8a8c693aa7,0.00756664674889335
ck_7743c9fe037d1f9e,0.3061764051900833
ck_864a11202e19e812,0.1125459263046364
ck_4ec040b9e3785e4a,0.0028469613157412
ck_7346e4f820d9c00a,0.847245368255768
ck_48d4d63beb26b623,0.006180034737066927
ck_c423aa6de3ed1e01,0.003521690965615453
ck_d74b2ead8aaa3f73,0.013886438280097571
ck_1dd69a11daa7bf1a,0.014190442806267555
ck_d9143e236eef177f,0.023729888872202926
ck_f790d91e5ff0eccd,0.23716511664236523
ck_69b5620e00ef5dec,0.00298146479186174
ck_cd32e58e8a1c0e85,0.013249528615003623
ck_064013b0957d87a5,0.9873846246714788
ck_a481385c2e60dc4a,0.009328472693325582
ck_d72035cb29db3aa4,0.015390558791395838
ck_3759939a0205306d,0.020204327328742624
ck_f437a53fc832ec95,0.46557860131669687
ck_260ef2f3e6434819,0.032028238294039106
ck_35e411b05d22f663,0.035654962487365875
ck_8bf46e472f3e20de,0.15294652616210888
ck_d546994fc5d3e9d1,0.012705602283798433
ck_6ff0fc7487e737e7,0.27969224877066107
ck_5c67f27816ae0b6f,0.015036091260651916
ck_c5517923458106ae,0.0072475984950073884
ck_d9735647a6b0b0a7,0.4266675250289712
ck_541a734fc457246f,0.05370733745132366
ck_2f6a639468f41043,0.005845982484484502
ck_bea2cf7a6b7bb900,0.016532322610646
ck_7eebd0e6ad6c070e,0.009893285200664358
ck_b64c87d5e3b10e6a,0.8397411117307614
ck_9dd7daacb7833233,0.017831750501981
ck_396e9ea9a6c6d7d9,0.007248329796492653
ck_1645e6cc53fa99ff,0.031015245725431222
ck_ea2a83ccb8d57490,0.0024950316085141184
ck_e64f0df63e1be595,0.10840436957136906
ck_fa0b234481cb57d3,0.028332003765480136
ck_63379e3c9fe6f711,0.028339841165806928
ck_c67f7944896a0310,0.04651250396718657
ck_c10e54c9db29e6ef,0.9900841023028222
ck_7184ad7709ae4c80,0.031489800340021794
ck_f8b6069d7577fde6,0.011295724024833337
ck_18444be153bac1ca,0.7447024350487597
ck_d0982b4e0e118e4d,0.012317558091364617
ck_6faf3e6820398866,0.041070454778151674
ck_97e980463aca4644,0.005901309905932221
ck_630c835243c66b19,0.9771008347987131
ck_fe429ba3e1aa0e4f,0.008733062138043047
ck_1058129ed7b48c59,0.016070819233712706
ck_04a1a46f07885296,0.03239249198204476
ck_f01e94331067edf6,0.008729426855460133
ck_77b2fb17c29f5e72,0.017087003141833906
ck_4f0c5857da45fb28,0.09956227997732497
ck_2cfb9a7775e8a5bc,0.9222740485306531
ck_6846100e43659bf3,0.00877510707217705
ck_f89719a854fe11d7,0.03015984915674822
ck_bf47375e41ca3bc0,0.004793040126918867
ck_2770b0400a7bef08,0.1103104842300765
ck_2a09d142de1c77ff,0.014630957592890357
ck_857a1f5547b9ad68,0.025542270080584392
ck_185f15b1523bbcf4,0.003964396493428741
ck_ab2aed614ec1cdf8,0.045060023133648104
ck_a9e7f3b2d5dfd97b,0.003650867465625175
ck_0eeb3d9b3e697edb,0.03906987139159481
ck_fa5830d81bc8ddc1,0.003924095038460101
ck_231ae0329ebc3220,0.041276824042252795
ck_1587763dd54688c9,0.003397941229113869
ck_9f85fea4490c00cf,0.039621871694765956
ck_a2d709e7eb91e4af,0.030846718838680072
ck_43637d28c7216453,0.00507207576393546
ck_f3ab5dd853d38252,0.026660845116091403
ck_4a1f0172d3bf4fd3,0.01833210336784971
ck_517620ca16505af0,0.010104116265621991
ck_9ae904fbef56065c,0.003695455740769945
ck_d5ef1f6e34bb35b8,0.054755392200117686
ck_ff42557857ae3aeb,0.0020741847794394485
ck_ad9a18f58589faa7,0.006591840814818531
ck_df1a6edaa3e6b271,0.009024987003532568
ck_99021fe7225b5a68,0.02552914378315405
ck_99e52c3c2530b69e,0.9909793394184994
ck_3a4811dc4a1a891d,0.00371382564951884
ck_ba3a6be026c87079,0.021567045384859842
ck_da6d1e5cf6aba6fd,0.005212185178480934
ck_ddc7c1f3d45fe6e6,0.012505626160922715
ck_e1b1e7a7e4a15b3e,0.008039702628469297
ck_8288f7f226e08b89,0.01267443243479159
ck_c4524993ec31dbe5,0.0032293520341066953
ck_8b19bb5b23b6741c,0.026091706382887797
ck_d21b38231a8a9f4a,0.04865845892810893
ck_3f730318a9792292,0.014471560331712825
ck_a4db6e94a8f77f9d,0.09053828081784915
ck_a8cac8d480306839,0.001712850730999952
ck_5472214011fbc2a7,0.003935385506040086
ck_7356f47dbbbe7904,0.006911018608663142
ck_16801e628e883d78,0.033231567601147025
ck_0dc1e536231c4860,0.00942951192375573
ck_7cd0634a6e60af83,0.008926017078011174
ck_ef6f8e048ae1bd4b,0.009696351697173455
ck_82f3f744209888ac,0.01904217577941123
ck_f33188c232a03526,0.18980099363058828
ck_4a59f4e10bf45d7f,0.002335964653553513
ck_d96c893721385e4e,0.004870623336285205
ck_f65ab819373edb37,0.0184753806785908
ck_21cac21fc10b7768,0.01005946711865892
ck_139b54e6ccbdd7da,0.041029271979032556
ck_d6f5c8741697abb3,0.028079120093358945
ck_a28d9bb5590d458f,0.07144070128531146
ck_ed26d906883bea0a,0.02086033404892497
ck_227602ad072b838b,0.001970679217111958
ck_39d5f6c17c745ab1,0.00358249753473554
ck_744eade757ba69b5,0.04477190045236794
ck_c1295d97cdf35ec2,0.0073493533218675355
ck_69105f881da3c821,0.006643730787524129
ck_933789b55361d7c1,0.8266693329813573
ck_b667952253503174,0.005202775334776501
ck_7bf668e25abeeb05,0.0049146926915668
ck_91742711dfdffd56,0.034483504408316434
ck_af32a0660090dd68,0.030968598934540938
ck_2122f201e65f76ee,0.008411384325526832
ck_f48acb73a5d6af07,0.032279064870713
ck_337c5684510cf432,0.06952816222583075
ck_f7bde7265053364d,0.018978604890076765
ck_c190c7b924edba75,0.05812900886960827
ck_044fa3b3a003f0b5,0.025103984246622083
ck_87eb43e3b9d96169,0.07347908468336137
ck_2d3d6c9364362017,0.003593558072309934
ck_ac55dc6cbcdf8228,0.01355923551371969
ck_61d7b0568ec5d6cf,0.0821492908483733
ck_89c74feeaffa7d09,0.00542689428409026
ck_93776b0c113f41f0,0.08211610345583054
ck_15e0b679931f7a8d,0.012801934990335748
ck_77b56c49cfdb1d81,0.12568778643270018
ck_73188a826b5f499f,0.007043673001246958
ck_4f463ef25325ddfa,0.40563011932034954
ck_863db2e394dc47d1,0.9349360581787094
ck_d52432ed597f3cc9,0.011109449559292356
ck_04fb61e5739642f8,0.10369911389225933
ck_2e481d75d110c06d,0.06009184184540453
ck_3fa1a523d77cd619,0.015002964815955724
ck_466dc6274fecd708,0.006582509382000493
ck_e1790b3aa2241b10,0.6672055294176957
ck_84ad096a46e1a960,0.03797151436009064
ck_3be72c9c178fa00d,0.017660867684400262
ck_5a17c89219d1d9fe,0.0372071495307267
ck_4f639f4ee6ce8d9e,0.06774052467272482
ck_f4ec4a935e51b4db,0.030485044323033547
ck_f04040a830f92bac,0.01867966454399297
ck_3e4d02a04be2aaf8,0.024125040302100387
ck_4d1baef193cfb900,0.024682240313861233
ck_0fb3153d37626b75,0.0022956340778205984
ck_88ec57a11b11f702,0.8830883825614337
ck_dca9dc465f759db4,0.028844533127551048
ck_64f5fba6af67e024,0.005296232181586633
ck_896096cb167254ef,0.04063099764430891
ck_7878679065876b98,0.047000710291804124
ck_fe8e5a6c880ceb4e,0.00874691586596493
ck_a5e036327d3d1862,0.002274866712490795
ck_310f73940fc4cf4f,0.053997707633007375
ck_46a8db16ad00b749,0.026770787930418073
ck_0d33977c3de8cfaf,0.992529251618959
ck_c6fff412f531db0f,0.0021297612875021328
ck_bac6dadf428eaea9,0.0247769126005458
ck_1b96d9af0d7da2d5,0.0063470772907771745
ck_fa8a4a9e77799fcc,0.0033670662220739033
ck_0bf48607a874b4d1,0.0028442387484032433
ck_eeb75f8a6439f65e,0.032521776448406634
ck_a209a5f7d172125e,0.013783807600041026
ck_8f346b72fb40bf14,0.009788754615779608
ck_bccbf9fef367f00f,0.022875107969195913
ck_2d1548f1ee405cc9,0.024058691717736145
ck_e8298ff2dc1e9d50,0.006010168595097228
ck_77c0fb524edb4a94,0.006738217962696236
ck_28ac4c5134cb8e77,0.024791528171657175
ck_db23a0e3e54be60c,0.7304056995318511
ck_a059d00cee5cee99,0.0062287248805476675
ck_3e9e3bba8bd363af,0.0034245835946949566
ck_0428728df24cdab4,0.010542367166976289
ck_88cd35378075c84f,0.0038562210652524544
ck_0174d76398d9dc0f,0.06683820247150826
ck_3f1287e6c27de0dc,0.015684654356089952
ck_ff822700f3605e06,0.9950868336073586
ck_4563227b2038ae07,0.09592242033488446
ck_788e78065526ee19,0.03543647763082253
ck_8a16eb584093b12f,0.010369194541665645
ck_cc276f71ab6c08fd,0.049512244605724356
ck_d61d97b21002f3e9,0.04878079789554052
ck_4b2e87d86a5e415c,0.03117092343003071
ck_3e6f35e4500d2f2a,0.0016127349408030164
ck_3acdb083e0d8ad61,0.002202456497695084
ck_cd655202db489010,0.00831563311119688
ck_829cbf5ccda481ae,0.007841770722349312
ck_f5882e6f98b8b4cd,0.0014201310259087233
ck_767947540b234add,0.015657443848838548
ck_a6e8e8f535b1f1d1,0.038520747812618515
ck_58412a2674fea506,0.026395160188540913
ck_fae7e518a585fa61,0.036845418052478
ck_9c60ae6958d68dbd,0.3393017605244923
ck_328696b8f5e54ec6,0.06842718096269214
ck_7df3f8f4f1068d62,0.00620579595838358
ck_cfadd21458230ef7,0.013024941787514191
ck_7048bedd554c703b,0.002719295004326297
ck_50422466f145bfd7,0.002954807720611842
ck_61e1f7168cd9ff25,0.05835224543092225
ck_733aff0f56f5b3c9,0.015611944016740903
ck_e14892e424180549,0.004094945225571373
ck_03f6664a96de7d0f,0.03062723723766772
ck_b7f4baa2cc82fe61,0.008239797896657682
ck_1e51199a075ca0fa,0.004776946476450159
ck_0e70516fa07cfb17,0.8288352013577137
ck_0f37c554a5057801,0.36206946284581654
ck_5576b725de38d106,0.0059698429852388475
ck_82f360df1e9f4eb8,0.07528632642535035
ck_395f3bd4aacd7ca6,0.01128719452683544
ck_5e8e857b63966609,0.37238506185770065
ck_93470896f0804b6b,0.9459489675843586
ck_3be854e42e76569a,0.009793095312230611
ck_0567302c57a2417e,0.060936773142571427
ck_ee535461b5f05539,0.1793148877278149
ck_94a096c36162a153,0.0076794790791478214
ck_dfc8f5c141fd7c63,0.011005393101068532
ck_98b34f2d704c1c2a,0.016670842227203334
ck_96dff7a09d45f116,0.05886581843968667
ck_79557434c129ba52,0.006078328010259575
ck_4596624a7c01d501,0.0140019960020472
ck_04e89fbd739243fa,0.002998851633196625
ck_6149ffaf18872dc8,0.006185714854181171
ck_cd78f0832a09bd8f,0.4485191125922977
ck_7e29c10d781c3b41,0.011350374453157317
ck_1f7ee7b23fc6f2f4,0.07953044353597002
ck_c49b685d2b3ab89a,0.018118991611723985
ck_84569a8fc50e73ac,0.030786915740313853
ck_b92b11d205af91eb,0.0027232897191937235
ck_06280e6d6d2485b0,0.007666204610726208
ck_3c08546dd0c92863,0.01660226555521566
ck_99d3983f907828bf,0.010582742789075731
ck_eccfd552aa652d3c,0.008881508283076545
ck_0cff8153881875ba,0.025145309487496558
ck_c1aebbeca6ab5ff9,0.008848779543603616
ck_538fdbbb3c2bcbbb,0.04937021443276242
ck_8c0210322733c718,0.007648583721403066
ck_0b0c93039f987abc,0.015582457655843592
ck_6d07d6d1bd227d37,0.06208736547350828
ck_9b6ee35e8cd0b11c,0.0063098979196911514
ck_d838491d3d4f5ecf,0.01635353963375209
ck_0593ae243a9ebee9,0.01687488005713202
ck_ef261fc09be8eb0b,0.006602192583636789
ck_d0935b571a4a3868,0.02746631710202832
ck_97d04a67a104af39,0.05069387400175423
ck_e25f70d0b7229420,0.030249610089922878
ck_9b71274ff83de482,0.9440217572809488
ck_6de2aa2bb60978d3,0.03016678159966015
ck_eda55c8fb47593d7,0.013008321411005204
ck_924e572517515f19,0.16724556993826614
ck_d6f27eacbad310f4,0.025185984990489654
ck_8550f229b5eb03ab,0.00412114175049545
ck_e3e95546a84d0ed8,0.02112288640667031
ck_3135c019696ee6af,0.9594523660342422
ck_41ba315d8fccb559,0.014498972549388934
ck_72b86e4485da2d0f,0.9662469916807097
ck_daaa995f3c2f0e47,0.02892298449437842
ck_053746067839696b,0.012442471268663574
ck_a15fe7d0f4b65c33,0.4151816713408645
ck_15de11438732bb05,0.005764734178347313
ck_2c4d25acbe3fabd9,0.003263427134305952
ck_7f08078908599bd2,0.036834151213037306
ck_e794741742fb2619,0.01453891213824906
ck_238e53b6dee8c301,0.007518277418770744
ck_53a6a33060d5c8b8,0.006885495714366993
ck_0e0919292ad33472,0.48997758931227287
ck_d86ccf148c06c8c8,0.03670094932257799
ck_c881f26c9bf9ae42,0.4731368425857652
ck_4b0947bf94e9d847,0.07157151442459375
ck_e10ff5c38bd18470,0.014143659574875705
ck_b60de9e97aad9e45,0.631747149417561
ck_190bc849e5ff5401,0.021793279267607022
ck_e7be077aa0b2632c,0.005635336629518283
ck_a51abde881ebeff3,0.01969755100011257
ck_2208392a9f6bd249,0.016717461207330656
ck_0259da8f109017e9,0.012806936219906999
ck_05e01ab9c95449da,0.01910745764590934
ck_c82897ebffb6ae66,0.005356804569862646
ck_b4a6bb4689cd7cfa,0.02364263002304618
ck_9e21ea33018ce538,0.006178915092349918
ck_caa348f0e65db062,0.940576564417793
ck_a964e6b5d8415334,0.4687774695694641
ck_510bfbbee37ff436,0.01370385138549595
ck_9741a82faf5c7889,0.027183904586792353
ck_e7f61b4a39ba98ac,0.003378088615799164
ck_069d158665a53909,0.016495068876992095
ck_6426427efe3228af,0.04225508043507695
ck_ab4a8d02ec3c0fd7,0.0024205676813391554
ck_aefa0d8d933e0eca,0.03813819234726952
ck_232325ef6bce92f1,0.016233289722886117
ck_14e58c3fb26a2b4d,0.03934505197816689
ck_06e73afdec26aecc,0.08303786169215896
ck_3168f4f2778d64e1,0.01220726746403033
ck_ff3998d6858daa21,0.00201298985168593
ck_bccff46fb0868454,0.32211127786977845
ck_c7d444d90fa86d7c,0.584039460152327
ck_f0bc3bdee6bfbb94,0.02345944550738053
ck_f7112818a6d81422,0.16018031927363757
ck_aca35dbcb835ad02,0.03267602540072315
ck_f637fabf0f60528f,0.019417407563383986
ck_53d17ab97de1ac3e,0.005116463932706046
ck_c8c1bf16d9113493,0.044229123207224816
ck_e842fb0cf055a83b,0.0642985218202066
ck_93c0cb3dac4891fe,0.019241024570097062
ck_0c1f088e17e46daf,0.019664588106156247
ck_8f4b384955bf57c9,0.011951213710788496
ck_09cd5c4df1e81ac2,0.04716493176887487
ck_1e832a5b2342554f,0.028823591292137456
ck_2cb763a881aee27f,0.0028586250957283754
ck_5875828b11406398,0.008134387149969807
ck_48e84b0cb0b90fa7,0.032674376613181344
ck_833688de8629c5c0,0.002856441840977348
ck_117d78ccd5820f36,0.018055290575544298
ck_668ec61c4c39cae3,0.003409213023716596
ck_73a7794b659d7a34,0.011942534945646479
ck_10f90d879209734f,0.009665662630698145
ck_d1d079913aa158bf,0.012981930821763651
ck_01c631b38e8a9535,0.004369658895234569
ck_f6923088c17a04e2,0.06043490104573865
ck_b447badc9138987d,0.002330046900416504
ck_8b772caed8f1541c,0.005099788150076523
ck_5403c76fe68a08ba,0.4451332527667431
ck_3e6833574edf1736,0.01600668751319003
ck_e527fbb9450a4581,0.9003194726194373
ck_cc90e219f1ebf390,0.0014117169441539355
